domain,label
nu2wq34l.info,dga
ovimtko9825.info,dga
nwqh12.info,dga
gimvr5xkzxt.info,dga
6njfsw.info,dga
8vixtgr.info,dga
6j7n9n.info,dga
9766ir5xtmv.info,dga
n7fjuy1w.info,dga
ik45r28ot2x.info,dga
j8sujf.info,dga
8k16359mggg.info,dga
2u8123.info,dga
trk6g5k3i.info,dga
wfsnj2l728.info,dga
tr3tx1v98rv.info,dga
s6wjql.info,dga
rt24km7i5.info,dga
n9q5hj.info,dga
zo2vrm6.info,dga
ju56sy.info,dga
722ko6o1o.info,dga
3qu11ynwwf.info,dga
t8kg6r9o399.info,dga
qf2wjyjjsf.info,dga
m59zrgkzz.info,dga
8n3w15nq.info,dga
9got9imvz92.info,dga
jyl7lnw8.info,dga
k1ttggk.info,dga
7uqf4n.info,dga
x2t4goo46.info,dga
jfhnsjsjfn.info,dga
vz67oormm3v.info,dga
lyl9y5.info,dga
1vr3gt3.info,dga
hqw38yy5l9.info,dga
i2g7oim5rgr.info,dga
fju57ly5.info,dga
i2gxz9x.info,dga
7qjh7f86h8.info,dga
zotroxxk3.info,dga
shulww.info,dga
ig47tto23.info,dga
nl8q5sh4.info,dga
rx5zr3k.info,dga
qsnw6n.info,dga
otxmk5x99.info,dga
lwj6hls7sh.info,dga
655xooz.info,dga
2sl8y5.info,dga
84v9oi9mv3x.info,dga
h2hyu5us.info,dga
io2xkkv.info,dga
l8f87h.info,dga
6m13z5mt7v8.info,dga
fuwuwy4u.info,dga
rt74i9t7oxv.info,dga
n8qqww.info,dga
x1xmtg9z43g.info,dga
f9l9qhwf.info,dga
mg24mt2mr.info,dga
6qshjy.info,dga
rgizzomoz.info,dga
7yy7sj5373.info,dga
3r9oorg21.info,dga
42y9u6hf54.info,dga
m5vz7rkgkii.info,dga
5h2785q8u9.info,dga
1ox5kx57zz3.info,dga
818ul7h4.info,dga
t8v3i3k.info,dga
y2f629n6.info,dga
2mt9rovr8g6.info,dga
8q2suw.info,dga
6kkx4v74v.info,dga
9jn5fqjnlj.info,dga
x2trxx7.info,dga
hhlnuu.info,dga
kiomzgv4g8o.info,dga
qjhhfj.info,dga
4m1z5gm5i.info,dga
lw6hwn8yu9.info,dga
i7g9v4ivi.info,dga
yl6lln.info,dga
xtmi21m.info,dga
47uus7.info,dga
6zo99rk94z7.info,dga
js32lws7n5.info,dga
rrv2i6zvkxt.info,dga
n2uqw5qqf8.info,dga
tirgvmz.info,dga
nw8njyjwwh.info,dga
vgv46rg.info,dga
qf81l922.info,dga
zzzrmrx.info,dga
ws83y448.info,dga
goz3zix.info,dga
lw4yy5unyq.info,dga
mti2zrit3.info,dga
lly5wn.info,dga
tz4ii9t.info,dga
lqnfnsj1.info,dga
itmoo9zxr.info,dga
1hwqjl.info,dga
vom16r2i3.info,dga
fs3hwffw.info,dga
o87t9zt.info,dga
jn25jh2u.info,dga
o7xv457.info,dga
h546luhhjy.info,dga
xx17431v97k.info,dga
qwuj5ww5yj.info,dga
2zog11r.info,dga
7yj2uj1jjj.info,dga
8zzv73x.info,dga
8y1u63hjl2.info,dga
iorio62.info,dga
l3hn83w6.info,dga
mrgm66v3x7t.info,dga
ssy78971.info,dga
oitvvrxv83m.info,dga
j8w8shfq.info,dga
otgv7v6.info,dga
42wl82.info,dga
tv1vzr4.info,dga
7snuhj.info,dga
v41kz83vz.info,dga
yw9unqs411.info,dga
rzi46o5zrzg.info,dga
u136f4w5.info,dga
ozkmtx6kx.info,dga
wy4q7l.info,dga
8m5m6xxrm.info,dga
y9ww7yy2q2.info,dga
6i8v15go5.info,dga
28s3s8.info,dga
gr46okt54t7.info,dga
hfj1hu.info,dga
x6m47gxmi.info,dga
4qyhjj.info,dga
txtgxv2m1.info,dga
jy5n2fhu.info,dga
5m4v9r94xzv.info,dga
jqnfh4jw.info,dga
zttt6ox.info,dga
l9s98f.info,dga
4z8ioo4oo2x.info,dga
246fn4.info,dga
o5k59go.info,dga
h4lu2ssf.info,dga
85671rkm85i.info,dga
s3yyl65y.info,dga
gg3mkmk.info,dga
su1fh7.info,dga
it522i8.info,dga
62flq1sj.info,dga
i1i5roizg.info,dga
2uqy356u19.info,dga
g9gtto4.info,dga
ls5yqll7.info,dga
gtgrikk78.info,dga
6f5shlhwy7.info,dga
k8vov44.info,dga
688yuyfy.info,dga
8g254mr.info,dga
qn22jqw3.info,dga
2kmkxtigm2i.info,dga
sjljs27u5q.info,dga
o48v7gmmv.info,dga
n34jwf.info,dga
rk531329vmm.info,dga
yw8hn8.info,dga
v3o2xmr.info,dga
jqyqu76ljn.info,dga
kvvi3rk9tzk.info,dga
j649lwl5ln.info,dga
k21z8kg94o5.info,dga
9h8h6q4yfw.info,dga
im6ttkzt3im.info,dga
fwquf2.info,dga
vvi24mz.info,dga
344ny4.info,dga
8x71mg2xtxo.info,dga
un3564hu5q.info,dga
8t9kmo56xt8.info,dga
s3qwqhjq.info,dga
mtx4484mo.info,dga
6yy2wfy2.info,dga
5rm3x9i7t.info,dga
sqwhuu.info,dga
2ogtm8m.info,dga
lqsyyl9j.info,dga
ttrvm9z34.info,dga
53fn9h58.info,dga
g768kkm.info,dga
l87825.info,dga
kitvigk.info,dga
3sjfqy.info,dga
i1xvv6i57rr.info,dga
n622yywq.info,dga
i7grv45z1.info,dga
qyjluyqql5.info,dga
triz9vr.info,dga
jq6n1j.info,dga
xx9v2kmt33g.info,dga
sywu71sh76.info,dga
gvvm8om.info,dga
lsqhs7wn6s.info,dga
59i4rrizm.info,dga
u2sw9j.info,dga
xkgm8vr.info,dga
qss2hs.info,dga
vzt1r8ogr.info,dga
5flhfnq7.info,dga
5xmx765.info,dga
l5qjjwu9.info,dga
7oxogig5x.info,dga
h7qu2usnys.info,dga
mooxk1zkx.info,dga
funy2l.info,dga
v1844372o3m.info,dga
wnwjnwuqy2.info,dga
tz4r7izx8.info,dga
3556fswlwl.info,dga
gv7k3rtxx.info,dga
jw8y7syf2y.info,dga
okikvitztik.info,dga
lfw23jwn.info,dga
m6vo442gg.info,dga
7l44y7jq.info,dga
rtz43vgtz.info,dga
y6wy9891.info,dga
okgtxk39k.info,dga
nlwljjhl.info,dga
x36zm4zvx2i.info,dga
h4hw2u.info,dga
z1zxt7vvrkt.info,dga
ljus4uluhw.info,dga
vzxmgxx.info,dga
s3q9nj7n.info,dga
v6xrz65.info,dga
hsyfnn.info,dga
z73ittr.info,dga
5f1352nhuy.info,dga
i7t85vzgz.info,dga
j77j3q.info,dga
k7okxoo.info,dga
yh6sj72h.info,dga
ttiz28i.info,dga
41fs2n.info,dga
2i934vm7i5g.info,dga
f6jsyjuf.info,dga
4vzovvzv8xo.info,dga
79f8yn.info,dga
g1zt5vk.info,dga
5unlnqwfls.info,dga
18zk88tivkv.info,dga
w328s6.info,dga
irx56trzr.info,dga
67luw24w.info,dga
zzmz1gkzi.info,dga
8sy9qh.info,dga
9t1mzkvv2xm.info,dga
s55whh.info,dga
8565r34mm.info,dga
nufuwh1uu1.info,dga
rtv834k.info,dga
lljqh3w33n.info,dga
ox2gtmzz8.info,dga
f7nfyfqfyj.info,dga
ivxvtzx8v.info,dga
ul6ns7h7.info,dga
214k9k7ik.info,dga
yqw8uy3njl.info,dga
6rm28t8.info,dga
42qhnfnfjh.info,dga
2xmxkgvm6.info,dga
8uq5uj.info,dga
vixo5mt.info,dga
s3lufy.info,dga
7kvx5x2xx3x.info,dga
yfhjsuwl.info,dga
3r9zkmr.info,dga
nsnujj.info,dga
8xzr63k.info,dga
uy2fqy9w.info,dga
6zr3vtrmi.info,dga
sj21l2.info,dga
ko3gtroog.info,dga
nfllns.info,dga
xt4ikxi1z.info,dga
qf5nj5.info,dga
rkkxxi2x8.info,dga
q2syyq94.info,dga
rk3zmmgoi.info,dga
753ul9f4hy.info,dga
r62755x.info,dga
5j4lq86luu.info,dga
zmit6x4.info,dga
uhqfn6n42h.info,dga
k6kvg34mgxz.info,dga
n9sw5nw84u.info,dga
vm6x9x1.info,dga
ffq3fs6y.info,dga
75v4756vo.info,dga
uhqlu7q35w.info,dga
vrkzmgv.info,dga
f7jssj4yf3.info,dga
7gxrk5r21io.info,dga
n584jqlnuy.info,dga
ixmkokg.info,dga
l92jn8y7.info,dga
3k6r1g7gi.info,dga
shs4wu55ll.info,dga
t8ttom962.info,dga
5fn1jy.info,dga
2vz7kt53xxt.info,dga
jqnhws7ysy.info,dga
go66zm7v2ro.info,dga
74wju2.info,dga
89miivmxrvk.info,dga
9hn3fwn88s.info,dga
zrz6z8ikov5.info,dga
8y92ws.info,dga
kzigrx9m1.info,dga
617sql.info,dga
3xiz3xk.info,dga
y3yfjhylj7.info,dga
ktz64xigi.info,dga
13q41swh.info,dga
3gx7r2ggmog.info,dga
hsyshj.info,dga
v7k7m7v5mzo.info,dga
w8su9lhyyn.info,dga
7rvimv2rtgi.info,dga
fwjnhh9w.info,dga
vi39mzvtvzv.info,dga
yqh7qfull1.info,dga
mimmm5r.info,dga
sy4ulyfyjy.info,dga
62zv9kmog.info,dga
l3ujjh.info,dga
mz6om2o.info,dga
7y34n9.info,dga
3iv4m8m34tk.info,dga
jy14yy8juh.info,dga
totro67oik8.info,dga
37fsw8.info,dga
t421km4o7.info,dga
l25uy65nhy.info,dga
3m2x323vz.info,dga
jlj28jf8sw.info,dga
7t441xi.info,dga
9hhyjw9l.info,dga
ro646t6.info,dga
sywqufws.info,dga
ko66k2z7z76.info,dga
qs9njhnh.info,dga
t72xtvk9zt1.info,dga
suuqn8.info,dga
otz3i8r7m.info,dga
j1f75hsy.info,dga
gr7m753zm9x.info,dga
fquyj77h.info,dga
61zzkz7ox.info,dga
huqf1s.info,dga
o2g1z1xt3.info,dga
7wlnqq89fu.info,dga
zmx34iitv.info,dga
y3s42w.info,dga
xig1mmvitrv.info,dga
f5wuuhus.info,dga
xvggzimvmr3.info,dga
jljs9s4uyl.info,dga
zttv7r17k46.info,dga
jsuhnlhj.info,dga
6xogmx3k2.info,dga
92w7fq.info,dga
gitkkgv.info,dga
7lywfuwn.info,dga
gmkmr9z7vx2.info,dga
u218sn.info,dga
tk9v24tg6ik.info,dga
6jusl8.info,dga
2rxxoioit.info,dga
l2nuqhlwlh.info,dga
mvtzztk4m.info,dga
sjllfwq5wn.info,dga
t5iztk12o9r.info,dga
5lwf2n.info,dga
ozm8oiktk.info,dga
h2lysfy8f6.info,dga
2iik4rk.info,dga
9qn74hljs2.info,dga
g6xizxrzxx8.info,dga
w8h3sfq7.info,dga
6i3v35432.info,dga
8wlsunu7.info,dga
m8zk57vmz.info,dga
7ussjw7l.info,dga
9ovzv2g8tvv.info,dga
7894l9yh.info,dga
4tvvr2omz.info,dga
q3h9wnnn.info,dga
6itxvzv69.info,dga
y3lhf4f4ff.info,dga
riv3g6v.info,dga
6sy4fn.info,dga
2mxmrik.info,dga
wlslwnjf.info,dga
vr38ozzr3gv.info,dga
nfq76h.info,dga
zvi4k2x.info,dga
4wl23n.info,dga
3t4it2gxg.info,dga
23q5fj.info,dga
omvko1r.info,dga
wnq3h6.info,dga
rki7xmxi6vo.info,dga
h5hq38.info,dga
t378k3o7mxo.info,dga
ylwhql5fs8.info,dga
7rvo918oz.info,dga
41j32uy26j.info,dga
rxxk6446vit.info,dga
synw1q.info,dga
kzoo7v3rgv1.info,dga
f7ywjjsq.info,dga
1mx35552zr4.info,dga
qfqfw4j979.info,dga
365oto2.info,dga
w945fhy3.info,dga
r6vt5xg39.info,dga
84f8fl7n.info,dga
v9ozkx4kg61.info,dga
32ny7j.info,dga
o6v5351.info,dga
8y959n7s43.info,dga
1x9xrz2gr.info,dga
fwfh94qnff.info,dga
56ki5vvrxi5.info,dga
suwyw4.info,dga
i9xkxk96t.info,dga
82n3s7.info,dga
ktkvrt1.info,dga
jhh8hj2ynw.info,dga
xvkvt29mi36.info,dga
uyswjhwsqj.info,dga
trit62ogi.info,dga
434hsjsllw.info,dga
rxxvoit5vvt.info,dga
ns7s9ny9ln.info,dga
ttvm9or.info,dga
f5nf8wlw.info,dga
otk64mmvk.info,dga
4yny7q.info,dga
xi7i7xzgm.info,dga
4752n7fy.info,dga
z61k12i.info,dga
f1jnly1j29.info,dga
xmvxtzx8m.info,dga
fs1ujl.info,dga
kkkk3gkxv78.info,dga
uf9fuqfflq.info,dga
gkx2653467z.info,dga
3658w9.info,dga
t624gozom7o.info,dga
45u5n3hf99.info,dga
2mtgkxxz7xv.info,dga
1yyyh8.info,dga
v9zgttgk96m.info,dga
5yw95lq5.info,dga
xxi7vi2rzxg.info,dga
nussn65fw8.info,dga
6x7rx6v3m78.info,dga
yf1hl7.info,dga
ovtoorzgz8g.info,dga
u58n16yj.info,dga
z83v4grrr.info,dga
jn82qf.info,dga
mrz9gx75x.info,dga
6julq24jl9.info,dga
3ozkoir.info,dga
nwh1y3.info,dga
2k92rixi31t.info,dga
wqjslslunn.info,dga
gkktovvtv41.info,dga
823nsqfl64.info,dga
2m14x1kmz.info,dga
jwjqnjhh.info,dga
1g4ti139x.info,dga
hjwf4u.info,dga
9ttzk2x264k.info,dga
l4lhwn4n.info,dga
m5g8ig7.info,dga
2qj372sy6u.info,dga
8vz2zkriv.info,dga
wsq12wwl.info,dga
8x2xx81k83m.info,dga
f8q6s9y4.info,dga
6t35toi5rgo.info,dga
4nhl4n8y.info,dga
tv6535orozg.info,dga
huhljnunhj.info,dga
8kvmkvi.info,dga
qfq7l27h.info,dga
o42439ivx.info,dga
4njy7j16.info,dga
53x8gri4g4i.info,dga
nuhu6q.info,dga
5o64m7x.info,dga
qy23fw.info,dga
vvk5kxzgx2z.info,dga
259swsw6.info,dga
2ktx81k.info,dga
jwu9nl.info,dga
6z5im29vo.info,dga
34ss2q.info,dga
7t5v6tm.info,dga
wqjjwujl.info,dga
i72o83xt5.info,dga
lhws64.info,dga
kvg8ri9v3.info,dga
jullfsyf.info,dga
gz4zz561o.info,dga
3luh235fqj.info,dga
1xvkgk4.info,dga
lsny8nwhu2.info,dga
k4x2tz5v4gx.info,dga
why53yjujf.info,dga
g7kmrmxvvi6.info,dga
h7qjl5hswn.info,dga
tgt52rm.info,dga
1fu9uhlwyl.info,dga
2zktkvx2z6g.info,dga
fys4q4yjs5.info,dga
7k4tz8ik9iz.info,dga
shhn8w.info,dga
xxro5krtt.info,dga
lqssnw3n.info,dga
zmtko1m8321.info,dga
1uy238.info,dga
mmtovro.info,dga
26y8ul.info,dga
kkxm5mg.info,dga
4l21l6sy.info,dga
vt383mm.info,dga
qffsn26j.info,dga
vizi5k8gk.info,dga
lsff15.info,dga
rirgoo74k78.info,dga
yhn7quy6wl.info,dga
itxzik7.info,dga
y23njq.info,dga
rmizkg18iz7.info,dga
hh39suf49l.info,dga
m7t82orotvi.info,dga
y81uww.info,dga
irtt36x.info,dga
qlhsh6.info,dga
6i9zttv.info,dga
qnlys3n2.info,dga
xivg98t2m.info,dga
ul6fhf6n.info,dga
9krkzgr9v67.info,dga
5ylywq.info,dga
xig198r.info,dga
1jnfqyyj.info,dga
7gkg91zix.info,dga
f68ly6.info,dga
xvz3gmvxoo6.info,dga
5h3w2s73.info,dga
9ot3gzv.info,dga
u43u7y5s.info,dga
xmi5t78.info,dga
7sjnj81q.info,dga
z4ix7v3zrv9.info,dga
357q1ul5.info,dga
3zki4go.info,dga
fjh89sjs.info,dga
3v9g4oo.info,dga
4f9f7lsn.info,dga
zk28vr5.info,dga
qf9f3ujy.info,dga
mmk2vvkzv.info,dga
lf5u9ss1.info,dga
i4rt937.info,dga
hn6uw9sw.info,dga
gv53o8om29v.info,dga
hsuqyyj3.info,dga
1r6rxv7g8.info,dga
nlq7l1j5.info,dga
i4km6kzigm9.info,dga
uq3w4uhlj7.info,dga
mroi55r.info,dga
lflwyy1wfq.info,dga
7mo3i3r.info,dga
6sqqs2.info,dga
9i3k58z5tix.info,dga
48hwqy.info,dga
gvkvkog.info,dga
5347hn.info,dga
5zozvvttv.info,dga
hjjysysu.info,dga
27t79zg9x.info,dga
wl9u6uyh48.info,dga
ko7orkxgvg1.info,dga
2yqsqs.info,dga
9rkoi3o.info,dga
w46lq7ql.info,dga
71v9xzxvi9r.info,dga
q6lw9w.info,dga
mmg4i3g4x.info,dga
jy2wf7.info,dga
2v987x6r47o.info,dga
u18wwuhy2y.info,dga
gm747gr.info,dga
u8l6s7lf.info,dga
xi4g573.info,dga
1u2l5s78.info,dga
4ik1i6xvig1.info,dga
jq97lwj1.info,dga
6zxkttx6k57.info,dga
6nulu8h3.info,dga
mmxtzimvzm8.info,dga
53wysj6y.info,dga
xxv7tzz.info,dga
jqjwjnu2.info,dga
x8z5i39.info,dga
7u9255sl.info,dga
3xtt1gkrr.info,dga
n7w13w.info,dga
58ri22r.info,dga
hwlnhff1wn.info,dga
i75g6x3ti45.info,dga
uy5wu16q58.info,dga
7r9mzkxoo2x.info,dga
43l5qf11wq.info,dga
43t95mz.info,dga
6hhjfyjs.info,dga
gxort287vv5.info,dga
hwfuhj.info,dga
r7i5mvg.info,dga
qsslq1.info,dga
41vgv2ro2vg.info,dga
8hjfq3.info,dga
tx7mog68zri.info,dga
9f9wnn3u.info,dga
v521vmt.info,dga
s3wq8q9yn9.info,dga
kt5zz2x.info,dga
sq2fs1.info,dga
z86i7imro.info,dga
2qfws6nj.info,dga
g3x6gt9.info,dga
q81w38.info,dga
kvo9t4kvti4.info,dga
yw7u9qwl.info,dga
t5v6mvk9gmo.info,dga
h82w4138.info,dga
roomttvog.info,dga
yq5sffw4.info,dga
3vi9tmvkxvk.info,dga
wujjju6s.info,dga
36kiktovo5i.info,dga
7h6151.info,dga
kgo9ozv.info,dga
lq5w21q6f9.info,dga
3kkorz7mk.info,dga
qq3s1l.info,dga
4kx46o7gxrg.info,dga
uynslq.info,dga
rmi5zr57rk6.info,dga
y2h67sws.info,dga
8x9i76ii7.info,dga
1f6sj6qj.info,dga
iz1r619kg2z.info,dga
y8fj78js2h.info,dga
tv1v81gt6.info,dga
h9jq3yl6ff.info,dga
tvgt3g9.info,dga
qsu9hq.info,dga
6m59io9ioo4.info,dga
q2jy89.info,dga
218tixgkm2r.info,dga
9fff4f9y.info,dga
5tv5rtk89im.info,dga
fl3f83ff.info,dga
vt23igv.info,dga
jju4qf.info,dga
vrvzk8mot.info,dga
5y8u94.info,dga
k63xrr45x.info,dga
ly31f76ju3.info,dga
44165i67g4k.info,dga
lh2yhu.info,dga
k9ktvok.info,dga
384jq1f5.info,dga
k49vmkgr3.info,dga
hhwhsq2wfs.info,dga
xig6k4zvt1r.info,dga
f7f4sfql.info,dga
r5tkv6kr229.info,dga
swq7fwnjhf.info,dga
6o9g2mmxm.info,dga
whu7u1lw.info,dga
86x4o4zmki1.info,dga
nn8jfw5jf5.info,dga
miooz63gv.info,dga
qsfu5q.info,dga
323vkmi.info,dga
5f7ys59shu.info,dga
iog343t3igo.info,dga
fjj41lulww.info,dga
ovoi64rgv.info,dga
jnlhu8.info,dga
74gtxg1.info,dga
u3s133.info,dga
7ovztgx.info,dga
uwlu8w.info,dga
o2zv63x.info,dga
2snuw5j9.info,dga
1m3986g73g2.info,dga
hwl8snwf.info,dga
go77r3ri2v4.info,dga
8lsyhyj4jq.info,dga
v75111ooi.info,dga
y6whyhwf.info,dga
5i2rrz2vt.info,dga
8419wl.info,dga
2mr3i72om.info,dga
uwjl44j5.info,dga
xrtmvxg3mg2.info,dga
f4nu1h4969.info,dga
ii6r95kox.info,dga
7funh73h.info,dga
7t3kzg8.info,dga
hlqhuhuy.info,dga
kokmi1ozzot.info,dga
h72shf.info,dga
zzo1kmr.info,dga
y3nnhwu1.info,dga
v7mg4k7.info,dga
q653qnqlly.info,dga
ivrrmrg.info,dga
nhusn7ul.info,dga
ro14oo1gg.info,dga
wysjw37j.info,dga
itx56z4.info,dga
5fyh4u.info,dga
ziro2ovki.info,dga
hfwf8f4uhl.info,dga
5ivxt9kgm22.info,dga
1l5h318qn5.info,dga
i6m5o1z.info,dga
qh62nf.info,dga
4morvi2k2.info,dga
55fnq1.info,dga
vrxkv8i.info,dga
hsu5j98s.info,dga
io844oztmg5.info,dga
uuj82j9s.info,dga
vtkv532vk.info,dga
uwqf4ju2hw.info,dga
5or3i4kx519.info,dga
f85wh3.info,dga
ik6vrz4.info,dga
fq4jq4.info,dga
98im5tor5.info,dga
8n4wfj4w3f.info,dga
59zz92o.info,dga
l2y2ul.info,dga
6mx9tmv.info,dga
uqwjluuywy.info,dga
m8gzizt.info,dga
y9su5wu7y8.info,dga
t32xv28xmk5.info,dga
sj1lwshhyu.info,dga
ttz9xx1.info,dga
y7wfy2.info,dga
om3t1v95m45.info,dga
syfh31qh1u.info,dga
4i6zxvrkr.info,dga
qwlf9u.info,dga
gvmm7vg.info,dga
wsulf1.info,dga
23g844m.info,dga
ujufhqyq.info,dga
2mr1x53.info,dga
1fwylhf9q2.info,dga
3i8mixiv6g5.info,dga
hlh2nw1q.info,dga
vgzotz7.info,dga
nfjhu2snlf.info,dga
2xzvv83.info,dga
5y3l9ws5.info,dga
91z8zit.info,dga
uh889s.info,dga
9o5mxk9i2.info,dga
5s7y3u.info,dga
t2itt4tvt.info,dga
9q8s4lju.info,dga
9oz39vo.info,dga
jqsl8n.info,dga
2rkz7v7m8k4.info,dga
hqyqsh.info,dga
4tx4ig366.info,dga
y38u8jfs.info,dga
8zgoxvkmk2g.info,dga
unj75j18uh.info,dga
z7zgtz974.info,dga
nyjsw9lfyw.info,dga
tt5xzvt.info,dga
uyu7y3ql.info,dga
7gtm3vz.info,dga
1fu97w4w.info,dga
o27trtg.info,dga
1j95l9.info,dga
m5kgx5zktt7.info,dga
h4fjss.info,dga
4zk15vvk35t.info,dga
2sju2s7j.info,dga
1m7ggivmt4z.info,dga
4wuhnq3u.info,dga
ovr958o.info,dga
u4wsn8jhfq.info,dga
xitxkzm.info,dga
fsqyw6.info,dga
mvk51tkg5.info,dga
8f6qfs4s.info,dga
r3r4vorx535.info,dga
3nw16y25.info,dga
o1t292vmr.info,dga
hw8nsww6ns.info,dga
k2rzmor.info,dga
2hfnyu13fu.info,dga
7gitvkt.info,dga
81sf5qq1.info,dga
3kttkgoxir9.info,dga
s8ywlh.info,dga
7vvxi7grzk7.info,dga
ls6wlq.info,dga
ir4rm9gmo.info,dga
5jqn3s.info,dga
m255xm1tixi.info,dga
l2yf95sj5q.info,dga
5xgk8ok.info,dga
nylju23y7j.info,dga
izt76vx6x.info,dga
7wyuyuhq.info,dga
53omrgkt6.info,dga
qnnflq.info,dga
rvotovkm4.info,dga
uhj4u5.info,dga
5tx3vozvm.info,dga
4qsjlysh.info,dga
it196x2vv.info,dga
fshs8lhy3h.info,dga
26r37t4.info,dga
7n732f.info,dga
k4t8mrrov.info,dga
fjsq9jhfjs.info,dga
9x8imt2iz9i.info,dga
1jlhjyufsf.info,dga
o7i3gxx2g.info,dga
1h5fylfljs.info,dga
mvmxkx54otm.info,dga
fwln6jwjwq.info,dga
omztivor2.info,dga
yujhn7.info,dga
rmgiootmr.info,dga
nqlhuj3qhq.info,dga
4ivt9o7z4ii.info,dga
6jss88yynf.info,dga
g7k15ik72i2.info,dga
ss434n.info,dga
ggmr5k4.info,dga
yf44f32sqw.info,dga
m58tg72.info,dga
sny6usj977.info,dga
vmtz84i.info,dga
6hwylhjs.info,dga
1rt2rm7io.info,dga
19sls5.info,dga
mrvvo6xo3.info,dga
u5sh8fj7.info,dga
gr51ttz.info,dga
uwqq9l.info,dga
5zg5vi44g.info,dga
62qyf5uq.info,dga
2472t3x.info,dga
jh4ujs.info,dga
483vo53.info,dga
qjnws1.info,dga
txm5mm6359o.info,dga
8fjwsh.info,dga
kt1i7t2.info,dga
qwj8h63ufu.info,dga
ig34irzgx.info,dga
651551.info,dga
73rixit.info,dga
fy5nfuhq.info,dga
26oviz5.info,dga
22qwlws9l6.info,dga
56m1tgvz64i.info,dga
ly3y7nuq.info,dga
mk15vmim4.info,dga
ynw752q5.info,dga
vv8t4gg.info,dga
8w16yh.info,dga
xtkxkoz.info,dga
f391yllnyu.info,dga
zoovriv.info,dga
lh966qlf.info,dga
4z4rkkti1xv.info,dga
syq46j9j8q.info,dga
kx2kg9x1x76.info,dga
uwjn9855hy.info,dga
m6r5vgvo82o.info,dga
w2wu9y3ssl.info,dga
krgrvr2rm.info,dga
yy9q2hlyjq.info,dga
vkmovtmix75.info,dga
3hs74s.info,dga
2g7vk88x5.info,dga
49sqh6.info,dga
7xorozr9x.info,dga
sq5slflj.info,dga
ii25i1o.info,dga
q1ww1qlq.info,dga
8383ik7v7.info,dga
sn93w8sl.info,dga
i3x3z3z76.info,dga
qq65yh.info,dga
mztv9r32xi6.info,dga
4jjq3sn3.info,dga
vmz2o9omizi.info,dga
4fywy7.info,dga
rx7v2gzxt.info,dga
5fqlhf7s.info,dga
gxzo1z9rm8k.info,dga
7s1w36y1.info,dga
o4mv4r71x.info,dga
4hj37q.info,dga
6z6okiogmgr.info,dga
ylllnquf.info,dga
vzix2x6gm.info,dga
nu8j1qjq.info,dga
46zxv8r.info,dga
fy32f8qh.info,dga
7vtr6kgm8.info,dga
y3n4n53l.info,dga
ti98zx5.info,dga
fyuh9h.info,dga
gv3trt3rg4k.info,dga
4nnwuq9n3l.info,dga
rz72mzoox.info,dga
s174q8q2ly.info,dga
g9gvimt.info,dga
25qnjwq2hs.info,dga
gtvm6g62mmo.info,dga
fq468f.info,dga
2rvtv6i.info,dga
15hhhn.info,dga
r1zv9kzr6ri.info,dga
qnhnh866uw.info,dga
giimx6g.info,dga
fjfjwyfq.info,dga
2xizkvi.info,dga
5nwjy4.info,dga
57z7i7m2x.info,dga
nnqhsf65.info,dga
to3o9t3k6.info,dga
7y7s8y3q.info,dga
vg84vxo.info,dga
n8wssy.info,dga
52vooo3go9g.info,dga
7ys3nll4.info,dga
tr7omo8oo.info,dga
u6h421.info,dga
8i5ztm7.info,dga
8jyqhn.info,dga
4vmz8t3v6.info,dga
h8jw396j.info,dga
tixiig5tgvv.info,dga
qq39hu1u.info,dga
otg3xkr112i.info,dga
uqjq5q19.info,dga
9846krr2mgg.info,dga
yj83wh6f.info,dga
93v6g6iog.info,dga
shsjqqsu.info,dga
mr9ki21om.info,dga
qlnjhhf5.info,dga
kzgizk12t3o.info,dga
wlwwuh.info,dga
vkt1oozvr.info,dga
36u13u.info,dga
91t1k67ri.info,dga
n2flq1.info,dga
zv46o3t.info,dga
wunwjy9y5l.info,dga
kmrm8v8.info,dga
9f9j8y.info,dga
3o97o5mx7it.info,dga
hunlfq.info,dga
9vi1mg2.info,dga
w3f4fy.info,dga
tivmko81gmt.info,dga
lyq96fw6.info,dga
g6rvzt3vg.info,dga
ys7n346s25.info,dga
kkm71rri6vx.info,dga
lqllfu.info,dga
zx6kxkkt9.info,dga
29qhjwfh1q.info,dga
k65zrgg98.info,dga
2h2fywju6n.info,dga
okv6g58z6.info,dga
sn1qh6.info,dga
rgzr32t6vvv.info,dga
jh6fhl.info,dga
k85vkxv83.info,dga
sw44jw.info,dga
vv3xx484x.info,dga
yl3sls45.info,dga
6vzvtkr.info,dga
4jhnys3w.info,dga
65m2okmi2.info,dga
1nj1yh.info,dga
tvgigt7ro.info,dga
1j6lynunu1.info,dga
2virtmr732g.info,dga
j3wusywsj2.info,dga
vi7x8kzi3.info,dga
wlhl5j.info,dga
xrm2zg5gzgz.info,dga
llwfq1.info,dga
2zooviiovgo.info,dga
sfwss6.info,dga
75xogmzrg.info,dga
f5yhuh.info,dga
9gr5ri7.info,dga
uwhy4u.info,dga
7vmxrm4.info,dga
nhj53w76yq.info,dga
t25z5z6.info,dga
w5luny.info,dga
9gm5kigzr.info,dga
f6q6u6fwwu.info,dga
g7imvxm2ioo.info,dga
lfnhwfnnuq.info,dga
4948mti.info,dga
nffw2u3n.info,dga
i94o4ri.info,dga
7ny7y6.info,dga
6rigrxr.info,dga
69jw89wl.info,dga
7zgokmkiro1.info,dga
wn74qlju.info,dga
v46gt8otg.info,dga
nsfusq.info,dga
v81r3vr.info,dga
lqu3lyuq.info,dga
migv4xv1tir.info,dga
739sn4qq.info,dga
282mr72.info,dga
jfnuqwjyjf.info,dga
vxx62mr7m.info,dga
y6fs74y34h.info,dga
x76oik5k1oi.info,dga
j6hhjnnl.info,dga
2gi9vozm9.info,dga
6ynlqh.info,dga
kx6rv54mx92.info,dga
j1lyu7.info,dga
42rx46oxk.info,dga
f9nnuf.info,dga
g25irzk.info,dga
n4hsjlwn3q.info,dga
398oxog1gii.info,dga
1jffjfqy22.info,dga
xvottm53x.info,dga
hhju4768.info,dga
kvkiztg6k.info,dga
3ly55hq2.info,dga
g2t56r4.info,dga
hwqs78qq.info,dga
k9t1gvr.info,dga
u5q92sqw.info,dga
6vz2x8xio9i.info,dga
hulh5f2ww8.info,dga
vmz1i86.info,dga
jh49yj3y.info,dga
2i313ovvizk.info,dga
qwn5yqh5wu.info,dga
v6r4o9t94oo.info,dga
s9hn66yl73.info,dga
38mmg8g.info,dga
64958n.info,dga
xx4gm35.info,dga
h6qn7h1s.info,dga
m1ig447.info,dga
33wj8f.info,dga
vtvxrvk.info,dga
w95f48yj.info,dga
xrg6r9tz216.info,dga
suyhulusun.info,dga
z5g7xiv.info,dga
nu4qul.info,dga
5m583vvm24m.info,dga
yy7s44l4.info,dga
5i3ii4z6rgm.info,dga
s53l43u8wh.info,dga
zooimz9ir.info,dga
n3lj5l.info,dga
oz6vvi3797m.info,dga
fnus9u.info,dga
6xzo89r9z.info,dga
lhyq3s6s.info,dga
3rv51g1173z.info,dga
ynf8f1.info,dga
tox5ixr15.info,dga
hh9269fu56.info,dga
2xx82kv.info,dga
7lqquusj.info,dga
7m36o7x.info,dga
16l994s2.info,dga
rm796g2io.info,dga
qj3jj3jhj2.info,dga
mxit9rk.info,dga
h59ujj94hu.info,dga
i6vg5kx56i4.info,dga
uf6w4y19sf.info,dga
m6zorg5ok6g.info,dga
qf6j32.info,dga
8kgrgi5.info,dga
flsq25qq76.info,dga
g5482zg2i.info,dga
n52ulq.info,dga
vo63t1t25oo.info,dga
h6w7qw.info,dga
kozt6xk3ogr.info,dga
fuw8sqwn.info,dga
9r147m4x4.info,dga
245ns9nj.info,dga
gxzv1g7.info,dga
hhqfy2.info,dga
6tkokro.info,dga
qq6nwhjynn.info,dga
5xxtzmx.info,dga
8qy85nwl.info,dga
trxti84.info,dga
f8jy78.info,dga
rv6rzz9z6mx.info,dga
j5w14q1s9w.info,dga
rggxx828m.info,dga
2sj4yyylw1.info,dga
xgixt7tzgt1.info,dga
71slsq44.info,dga
kktgg9i1t.info,dga
ynqnq6hqwf.info,dga
z3mxm8x.info,dga
ulwhq1.info,dga
xv6rg1m7i.info,dga
sj3nl455yj.info,dga
m7m9tzrrgtg.info,dga
1h2fs2s1.info,dga
ov6621x.info,dga
lll162.info,dga
5x7i67x.info,dga
76w28lq2.info,dga
tixtrrk.info,dga
fhl28h8lw3.info,dga
tg9433rr17t.info,dga
wwlq7l9quu.info,dga
gkzkii6mz.info,dga
n442yf.info,dga
m83g1rg.info,dga
lwyhn1.info,dga
5vi488m8oii.info,dga
hlyn748w81.info,dga
6r2rtx4kt.info,dga
953uuslys5.info,dga
xv3ztor3g.info,dga
sjqufw.info,dga
rtim8x1.info,dga
h44wulj6.info,dga
3zitt187g.info,dga
3jsyljlh.info,dga
k8x9525tv.info,dga
suhyqjh4.info,dga
66i6tzx.info,dga
5f3n293nwh.info,dga
g8toz367k.info,dga
14yfyf.info,dga
i6v1x4rxrgk.info,dga
w687w7n6.info,dga
g9vztmgro.info,dga
67u4qy.info,dga
oz8ri2x.info,dga
swlhuyn9.info,dga
t1i9vrgo6.info,dga
1s39f2.info,dga
z8grokt.info,dga
jl1qwh2wh7.info,dga
1xkigm6vg.info,dga
7sq8qu26.info,dga
v83961x.info,dga
4jnwslj3.info,dga
g6r4rvr.info,dga
qyhnnfj499.info,dga
8txrx9x.info,dga
97nlq7hn.info,dga
k863991.info,dga
7fluhj5s.info,dga
x67zkv62gzk.info,dga
hyhsfjf9.info,dga
9gg57v6.info,dga
2lqlj58usy.info,dga
mxt9xxmxomv.info,dga
9w277nuuh3.info,dga
7mm2mt632.info,dga
jq1sq6shfq.info,dga
7rg3zogxio5.info,dga
uwlj9s.info,dga
2v22om7gvg5.info,dga
s6q9ysjn.info,dga
7x345zr1k.info,dga
9nqqhs67h2.info,dga
ktk229tm8.info,dga
hn7quh4n.info,dga
1466xt5k8.info,dga
f6yswlhfuy.info,dga
6r4oigovi.info,dga
h7378h8h.info,dga
z5g3zm74z.info,dga
ns1fuh5n4q.info,dga
orz6m8v.info,dga
ufysujfh7q.info,dga
8io1vg1trgi.info,dga
lfjnuf3qy7.info,dga
4iv66r8oz.info,dga
2921qw.info,dga
kkt9gzm.info,dga
wnjjlqf3.info,dga
2g12zoogggt.info,dga
q5n9u6yl.info,dga
6i9morv.info,dga
9llh8259lu.info,dga
i9193k246.info,dga
1swl87.info,dga
g98gv78.info,dga
jfh1y8.info,dga
7vxgr2gxzmg.info,dga
us58wqul.info,dga
t3r56rz5z.info,dga
5u3qwq891f.info,dga
tmormxr6g.info,dga
nhnf7sf1.info,dga
7zx2kmtz68k.info,dga
2lujn44wyj.info,dga
go18rx3ig.info,dga
lh4ll4.info,dga
rzgiimm.info,dga
ylhhq8.info,dga
t97oz3z.info,dga
ls725234.info,dga
52mi2g24izv.info,dga
hwlj39.info,dga
i7gk6ti.info,dga
syuh8l.info,dga
gt4o4rr.info,dga
h94619hj.info,dga
orxxog12g.info,dga
s2hyjy8h.info,dga
1iktozv53.info,dga
f1ql5s1q.info,dga
zz163irvi.info,dga
qw9n83.info,dga
rrmgziox6ov.info,dga
sshs1q6u.info,dga
or8zt79zx1z.info,dga
w8qf4q.info,dga
v4kxzvx.info,dga
yhyflfshww.info,dga
tom8oxx.info,dga
wfn9n8.info,dga
v9tr51i.info,dga
15wh74fw.info,dga
9v74vrr38kt.info,dga
ulfn8861.info,dga
t633o1z.info,dga
yjnffyqj5f.info,dga
v1imr51io.info,dga
nuw1l96fjw.info,dga
5z7tr15izmr.info,dga
yjw9uwfh14.info,dga
9tmro8ozrig.info,dga
njuju96f.info,dga
i8kgtt2oo7r.info,dga
8nj76y.info,dga
5ox6533g7om.info,dga
lf13q8sf8l.info,dga
ovir2xggv.info,dga
8fwhhyqnhu.info,dga
r7xv9478m.info,dga
qu63qju1.info,dga
gx6vkvzv3.info,dga
4u22sqll8w.info,dga
6418g22v7kr.info,dga
4l21nj.info,dga
71v2mm2vgm2.info,dga
jjqw51hs.info,dga
9tx3368.info,dga
l3l6lsn475.info,dga
vo9kr76orz6.info,dga
f4f218.info,dga
96k75xk.info,dga
j43lhn4y.info,dga
oix6zkk.info,dga
1us6h9jqlq.info,dga
io257mr.info,dga
fu789f98.info,dga
26og9ov.info,dga
jq6l4uyqsf.info,dga
1x3omg3.info,dga
nnfj2ujujj.info,dga
i5rik6vok.info,dga
swwf1q.info,dga
z5xzm45.info,dga
4jqj8fnfws.info,dga
i5r4o9too.info,dga
ynnj9h3syu.info,dga
t353x4g.info,dga
53swh3wh.info,dga
13x54gi.info,dga
6hh8qf.info,dga
3v6rrit.info,dga
lu6n25.info,dga
ii425v1.info,dga
9wy8hq59.info,dga
9rxizi3.info,dga
f3hfqnjh.info,dga
moxm6r3.info,dga
s4637u5nff.info,dga
vk58vt1i25z.info,dga
w8jwfus391.info,dga
9ikgvtokr.info,dga
nwqn6185ls.info,dga
9rk84mgi19z.info,dga
jw2286nh.info,dga
zx9xzti3g.info,dga
q6qsujnl.info,dga
v9vxrxg7m.info,dga
64sf718hnj.info,dga
ii6g8otmi.info,dga
nh9lfqq7.info,dga
itk9oxi.info,dga
su1unus112.info,dga
zrmrmovig.info,dga
lhnqj1.info,dga
8z3g8zo5k.info,dga
95q2f94y.info,dga
x2rtrtikx5v.info,dga
whhw7sl4hu.info,dga
xv7269gm1.info,dga
u11wu9w5.info,dga
o5v5zmt.info,dga
hlfw79.info,dga
oggmg9g.info,dga
ywnjfssy.info,dga
16ozz33.info,dga
j9fhunulq1.info,dga
r322o2694.info,dga
8l5wlq.info,dga
34tgv641ii3.info,dga
uq8qf3hlu3.info,dga
4io2gt4zx.info,dga
fyswfj.info,dga
9g6kot6iizi.info,dga
jl1n13u1.info,dga
t45xz23v8.info,dga
nnjhqlwhhu.info,dga
vkz9tgv.info,dga
lw9qffljqs.info,dga
gggkg8or2.info,dga
y8y5j28s.info,dga
11rkg897g.info,dga
6l3qju64.info,dga
24mm3komv.info,dga
fs5hhsun23.info,dga
or5r1x2kzgr.info,dga
js5hhqh9.info,dga
289m3k4r7.info,dga
2fjswq2uhn.info,dga
6o86k9vxk.info,dga
synw2y43.info,dga
iovxvi9gk.info,dga
uq9wfujw1u.info,dga
6zg14i2.info,dga
2nqn2w.info,dga
vxtm35vgixo.info,dga
yf915s.info,dga
3kmgvomii.info,dga
qnujhusn1s.info,dga
k3x4mgkxv.info,dga
74lh6h.info,dga
k53t9t6.info,dga
3h32uy.info,dga
47v1vz8.info,dga
flnuh4jwny.info,dga
mm9tv5z.info,dga
l8n7jj.info,dga
1253gg5v5.info,dga
s4sjyf964f.info,dga
tovig2vkx.info,dga
yhnh6fss.info,dga
17oz3mt.info,dga
f23qwn.info,dga
rz69z28.info,dga
wlyssujh.info,dga
1i6o1xk.info,dga
u6s9fy.info,dga
4zrg6g1rrto.info,dga
y247juhq.info,dga
vti4ztm.info,dga
u4qwjs.info,dga
tmiov16i1.info,dga
yhw2l1.info,dga
1ogr9g68m.info,dga
lh1w9f92.info,dga
x94x73im7.info,dga
6q4sfsfy.info,dga
2mroox35k.info,dga
7nlwffsnuq.info,dga
trz88xrttzo.info,dga
suy914sy.info,dga
zrkziii.info,dga
j4sfwqwf.info,dga
zto973m9g5k.info,dga
wsyj3nswuj.info,dga
42mvrmxo7xo.info,dga
fss1wsqy5l.info,dga
4g2okm4.info,dga
sq54n583q6.info,dga
m32i5mm98.info,dga
1jn2n2.info,dga
ovx35rv1z.info,dga
hnhj1nwy5w.info,dga
3z47tzk.info,dga
1lsjy51j7l.info,dga
vxmx792ivmv.info,dga
luqqh1.info,dga
gotv4mkrgkk.info,dga
95jqnu.info,dga
9i9ox1rk8tv.info,dga
wfqj6q.info,dga
ggg12tt95i2.info,dga
yu84qnhu9q.info,dga
krv4g3529.info,dga
3ususnj4.info,dga
mimrgzkzx6i.info,dga
3qwf32yl.info,dga
36gz137.info,dga
nlnqnj1s.info,dga
vmzm9x3.info,dga
jljwnw.info,dga
vkvokzrz2.info,dga
fhnhf9ujs2.info,dga
okv95ozzirx.info,dga
3wfwyq.info,dga
rtz572g6okm.info,dga
jfw45n39.info,dga
gt1gox2.info,dga
us2squ.info,dga
3z6iv6kt6.info,dga
jn1l37.info,dga
itmvgtvvvz9.info,dga
5q3nnq2j.info,dga
6xxrrxi9g.info,dga
nf12fl.info,dga
rz6kikv.info,dga
jnj45s3s.info,dga
4ig6kom455v.info,dga
hf2yjh.info,dga
78ktigk.info,dga
lwy6hl.info,dga
vzro2rz.info,dga
n6fuhs276h.info,dga
rxtgi21.info,dga
1wfqyl.info,dga
ivgr557.info,dga
9l7shq8jy2.info,dga
gmkrrmk.info,dga
9w69uw.info,dga
t5i4xxmr3.info,dga
yyqs6h92hf.info,dga
r1rxvimx1.info,dga
fjjn41ll.info,dga
zv9z98m.info,dga
qff8sny97s.info,dga
8vzom42t84r.info,dga
77l86n.info,dga
mv4mrmvtmtv.info,dga
29wfq8qj9l.info,dga
m314z15ov.info,dga
qnwhhws2.info,dga
gk1i4x9.info,dga
l57f1hsl.info,dga
698kz39t7k1.info,dga
2jlj1jsl.info,dga
xtm92k38k.info,dga
344nu7nuw7.info,dga
ikiitv37ro8.info,dga
l4qquq7nn7.info,dga
r86motk.info,dga
1whff43s.info,dga
xtor39gr34g.info,dga
wfqfff.info,dga
ggg79xzxk4z.info,dga
1fjqlws5.info,dga
538mt5x.info,dga
fnsw5f8uj4.info,dga
5xg2iim.info,dga
f148lw7fnn.info,dga
vxt798v.info,dga
q6uyhu.info,dga
ovm5imr4x.info,dga
h97yhny479.info,dga
vxk6r49ko6z.info,dga
w7yju2ls.info,dga
ggot11ki7.info,dga
1h68lwfhwy.info,dga
1xrtttxoi6r.info,dga
l1fsws16y5.info,dga
oo32imo3xiv.info,dga
ls42h4u7nw.info,dga
oo59vxrvv.info,dga
f927nj.info,dga
gr33zmrim.info,dga
qsufyulq.info,dga
t22kt727r36.info,dga
3f1nqlfl9h.info,dga
2ivvzk39zr4.info,dga
4y52yu.info,dga
z2t1m1xk4.info,dga
y1hwyfnq.info,dga
zomxxortiio.info,dga
9qsqyn47.info,dga
k27or86.info,dga
qlh5q219.info,dga
vv46to1kr.info,dga
5nn1uuww.info,dga
im1zrx1z5.info,dga
f8s5nwlfq6.info,dga
zk19rk3zo.info,dga
uhnfjjs9.info,dga
ggg9xgi64.info,dga
6wq1q8.info,dga
zm34xrg4tv6.info,dga
6ssn87.info,dga
m4zk1o3.info,dga
fhuq8n.info,dga
5t5o5r9tk.info,dga
2fulus5u1n.info,dga
1t8mi3oim2v.info,dga
hs7y8y.info,dga
mgg3t2kxt.info,dga
hfq4jhqu.info,dga
oz4v79g.info,dga
y16hqjlu.info,dga
xzrv2i6.info,dga
jnqnnsulw8.info,dga
1itmk2iig.info,dga
4jyjnw7wfn.info,dga
21z4x1k3kkk.info,dga
l89u7hql.info,dga
21gvizr8ozz.info,dga
1ul1y2q7.info,dga
zrixmtom2.info,dga
llhun7n2.info,dga
5v5gzo1ro67.info,dga
f8761jh5.info,dga
496g3xr.info,dga
lnjnfjfj.info,dga
788m8g5.info,dga
hnuy6lqf.info,dga
oz2ovi9o18g.info,dga
17s3jf62.info,dga
ok9ktkk.info,dga
wuhlsn4s.info,dga
ro4vomz.info,dga
yq9luf.info,dga
19t6tgv7g8g.info,dga
7wnj91.info,dga
zz4xvm9.info,dga
1s3fyy.info,dga
v72it3i5k.info,dga
5sshf1.info,dga
x1tgv6t.info,dga
nf37yq.info,dga
xrtkok2grkg.info,dga
ll8lfynu.info,dga
mgtvovk.info,dga
hhl4yn1hy1.info,dga
vkk9vz1.info,dga
ww7hw4l3uw.info,dga
gmiiio8i5.info,dga
slyj1yh4.info,dga
z5r4g71.info,dga
44s5hj.info,dga
vv13mkx.info,dga
wnusjwyj.info,dga
mxx86oztv.info,dga
us68uqwj7l.info,dga
vx72zgmitti.info,dga
5y2fy4ul.info,dga
v684kt4zz.info,dga
h6s612f875.info,dga
m95mxirv7iv.info,dga
l9jjwhu4.info,dga
tiri4xz.info,dga
2j6f2n6fu8.info,dga
vm2o127.info,dga
hhfhjjyn.info,dga
iormg5z.info,dga
j7j75h4ylh.info,dga
z2m6rzo24.info,dga
s7q7n5usjw.info,dga
mzkzg6izv.info,dga
wfyuhl.info,dga
ttm97rkr9.info,dga
wqshy3.info,dga
1z64t6g.info,dga
q5yww215nf.info,dga
4tx1ri34vi2.info,dga
j2hjwj4y.info,dga
xkgigki7vkt.info,dga
421slslfff.info,dga
53g13go4o.info,dga
29jyqu6fy9.info,dga
ivt5821t9.info,dga
f6fw9wyy.info,dga
ttk2m8i.info,dga
l4965w1ljj.info,dga
ivmvx59omgi.info,dga
wq27f6.info,dga
z43oim7.info,dga
js1jqhyn.info,dga
55rz1m6.info,dga
nufnnnq7yj.info,dga
g2i1zg6.info,dga
uhnjfl21jh.info,dga
zkg67x1679t.info,dga
7ll59q.info,dga
tx955oorovm.info,dga
hljfyq6j17.info,dga
6z9t95x.info,dga
uy4yjly8.info,dga
1xg59v4k6.info,dga
u26uwf6qwl.info,dga
mzm1mtxkg8i.info,dga
fhhf5wqy.info,dga
99z43t6grv8.info,dga
nw8u4j.info,dga
2x7im19.info,dga
h965q9u4hj.info,dga
k7xz42m.info,dga
l18j1yjy.info,dga
1o1kx267iv8.info,dga
11s9yul4.info,dga
ig7k5i5z6.info,dga
ww95n8.info,dga
r46mt6zkm.info,dga
nq4hq8uh.info,dga
tx72rmo9x.info,dga
yu1h3yy1jh.info,dga
ro4xg89.info,dga
8wql376w92.info,dga
ko4ogvo.info,dga
fuu3su84.info,dga
xxog472.info,dga
9fj1sj2hff.info,dga
2tktzmk.info,dga
w7176wujff.info,dga
t12xxir8o.info,dga
s5sf2sjjs3.info,dga
z1riv96.info,dga
5shqsufl.info,dga
gt8vot8.info,dga
wn9lfy.info,dga
moo2vvk7zxo.info,dga
nwl83w.info,dga
rrt1567m2.info,dga
6y71jlulqs.info,dga
zv93ki2g8.info,dga
n6lquqww.info,dga
5v743m7gkzi.info,dga
31n6fqfu.info,dga
3xorivtzt3x.info,dga
y31u7qyy.info,dga
m8om94o7i.info,dga
9wu8fw.info,dga
kr564852rz9.info,dga
77qqn5q16f.info,dga
m45g86t26k1.info,dga
9nuw1y.info,dga
z596m2rrrmi.info,dga
lnlnyynj.info,dga
o778kg27v49.info,dga
whqfnn.info,dga
t9t1ok23z.info,dga
4sj4h8.info,dga
6g74788g37m.info,dga
ssyl8n3y.info,dga
oioriki3i3z.info,dga
nnw56q6unj.info,dga
4xtxgz2ti.info,dga
ww5q7nfq.info,dga
r6rox8kv78x.info,dga
lwl4sf5l.info,dga
ziz32o6grtg.info,dga
34w4s4.info,dga
xt4mz7x.info,dga
8qj1fq.info,dga
zrz2zg5691o.info,dga
uywh2h4484.info,dga
ktxk8o2.info,dga
8wff2fu8.info,dga
gk694ooo2.info,dga
l27qhsss.info,dga
o6rt2ot.info,dga
ln5sh2f2lj.info,dga
grx62v728ko.info,dga
u1qjs87y.info,dga
oxv7x2o.info,dga
jsnj8w3f.info,dga
3gk9rkim1r2.info,dga
6ls754.info,dga
x1mt6ig.info,dga
3u1y1s5nlf.info,dga
7gk77k7xr.info,dga
s51qj5w42w.info,dga
42zxi5m95.info,dga
74sy9l9j6j.info,dga
1rmv3ormi.info,dga
q1118w171j.info,dga
9gmk55xok4k.info,dga
8yhh8ynq.info,dga
5x5rr23vg.info,dga
31fwquu8.info,dga
ovo34i7z3v8.info,dga
7fju2y.info,dga
65gkvz1xm.info,dga
4h34fy.info,dga
tmig48grktx.info,dga
2ju44n.info,dga
5m9299i.info,dga
n788lff5.info,dga
z8igg9goz9x.info,dga
hfsjss4sh9.info,dga
g9mvxv25zkx.info,dga
yuns7n8ffn.info,dga
2igm2i2.info,dga
sylf765l.info,dga
i14kxvv61.info,dga
hyqu2s.info,dga
95vvomr38tm.info,dga
uufqw6.info,dga
tgzvmvkkt.info,dga
n4lyqs.info,dga
mrmgxko.info,dga
sswyj8.info,dga
rgiovgigo.info,dga
4qhljys75y.info,dga
gik38t74r9k.info,dga
qnu1l2.info,dga
okm7z8m.info,dga
2u9qy9h55l.info,dga
6g5rk9i.info,dga
h3q7wj.info,dga
g58rvm6.info,dga
f1j2j4y7.info,dga
69rzrxx.info,dga
9njqu9sq.info,dga
2zt9ro8zx.info,dga
lsjwjwf3.info,dga
38kxgvizoio.info,dga
4jwuqwsq58.info,dga
17o8v2xo3.info,dga
5uffju.info,dga
6mkt1gx.info,dga
wu28w9ssy1.info,dga
ktxir544mig.info,dga
4uhy89.info,dga
zvxzx2gxm.info,dga
wqsff95y.info,dga
g45gm1zo2.info,dga
q4lhuf26h9.info,dga
rgr12gtrr4g.info,dga
hqqj51.info,dga
32x8xrg.info,dga
yuusyuq4sl.info,dga
27x72zxmx79.info,dga
lq5yln.info,dga
3z7gr313g.info,dga
yqysj4jn.info,dga
i419xzxk8.info,dga
w3hnjf5uhn.info,dga
9votti4.info,dga
912f9l.info,dga
84ig36g.info,dga
56u1jh8ffn.info,dga
1mri8r3.info,dga
jff8hhwljy.info,dga
mgoovtx.info,dga
2s72yu.info,dga
7z1o3r9t7.info,dga
s6nylj1q.info,dga
xm321k8x6.info,dga
lynuy3qq.info,dga
zi779tv.info,dga
3ynnq358.info,dga
vxzgvixxxmk.info,dga
4f57fu.info,dga
735x6t83k.info,dga
jfyqjh26s7.info,dga
ggk7orm.info,dga
uf82s96uwq.info,dga
6931t855r2o.info,dga
j695uwjj.info,dga
rrmrit36r.info,dga
su92whwf9s.info,dga
zg92xm15v.info,dga
nl2nwuj5jy.info,dga
xrot11k.info,dga
hn389fuhws.info,dga
ki2t15kmvit.info,dga
3w1s2j.info,dga
g7ik84gi5g6.info,dga
wq3j4l4ljj.info,dga
xvoomii.info,dga
wn257l.info,dga
g5i5gxkv6.info,dga
51lsjl94s8.info,dga
gr5x9oo.info,dga
u3nhws9f.info,dga
7trgmm2.info,dga
l1jjls1wy1.info,dga
k64tvoxt8.info,dga
2jj7qq5n.info,dga
4oz94rrzm.info,dga
llq2usjn22.info,dga
x447tok8x.info,dga
hnn82yun.info,dga
ig16kgmi2.info,dga
nlqsqj7u.info,dga
vvkxk4g.info,dga
yqyu11fw.info,dga
oro8gg2.info,dga
uhqqsuq3.info,dga
vovkrkrx1.info,dga
3sl5yu.info,dga
x5tgtoi.info,dga
wnhhul.info,dga
komk2m14z.info,dga
27usyhq3.info,dga
z6vvv36rkto.info,dga
hjl5usws3h.info,dga
8v6imri3r.info,dga
8h95sl8q.info,dga
voioi11.info,dga
qwfnuq.info,dga
ik73ito.info,dga
2hqq3ssf.info,dga
ox96gr4.info,dga
fsfh5qjs.info,dga
rogoz21z9.info,dga
j2j2ywfnl7.info,dga
8zmzkt1kmmz.info,dga
qnhnh9j5n6.info,dga
68iivi5ikoo.info,dga
2uhywj.info,dga
kkmkgiz.info,dga
44jww1lq.info,dga
v2mkomtok.info,dga
417hfnhs.info,dga
9ri4v7kgzi5.info,dga
swy63ujfhf.info,dga
8zgr1zxzv.info,dga
894jff.info,dga
344kxkgz86o.info,dga
qqn464w1.info,dga
7o4r4r5zg.info,dga
53j261hlhj.info,dga
xvtk9v7r5r7.info,dga
nlhlsw4l4q.info,dga
36r3k9oir5r.info,dga
wqh6l3wl.info,dga
3z3zr7m.info,dga
sj9yhl.info,dga
ivo8z76.info,dga
y13qjq.info,dga
rvrvgmv6rox.info,dga
uf94ju96.info,dga
trxrmxr.info,dga
s8wquslfhn.info,dga
rg61gzv47.info,dga
j35uu5.info,dga
t56x4m14z.info,dga
5lynnq4921.info,dga
oim1io5.info,dga
ufj6w8hn.info,dga
k9rro4tgrxg.info,dga
qwqs1386.info,dga
vr88ik2o2.info,dga
ujsn4w.info,dga
zmzg1vztrzk.info,dga
7sqls9qjh9.info,dga
imit818.info,dga
44qhnfns.info,dga
or2x7ktz7.info,dga
qf2j6fn5.info,dga
r6x3igo.info,dga
1lqnsyfl42.info,dga
8otvmo4.info,dga
5qy9nshl.info,dga
r7zki5kov.info,dga
q1j5y5.info,dga
x3ggok4.info,dga
hjs8hw.info,dga
ii2881v13iz.info,dga
nfj86hhwju.info,dga
mooixt7.info,dga
yq2ys1.info,dga
6k2tvo748tt.info,dga
57y6njw3.info,dga
xio6virik.info,dga
yql7lh8w.info,dga
7x7t8k5i4.info,dga
hs8wqssnq9.info,dga
2otzr1tz5m8.info,dga
uqlf7lhuh1.info,dga
66tx7mkvx.info,dga
63l471lw.info,dga
1g2z34g11.info,dga
jslnqn3n.info,dga
2rov29vo2ko.info,dga
4s979l1un7.info,dga
55zimozz4.info,dga
w5fh67ljfh.info,dga
2r78koixi.info,dga
nnlnjwun.info,dga
mxrkxzxgm.info,dga
wysjjuh6ny.info,dga
krmixm7tttg.info,dga
5u95y713.info,dga
9499mgm6k.info,dga
lqyfswy9.info,dga
7oki2vx2r.info,dga
1qq66j.info,dga
vi39zom.info,dga
ysq4ufw8.info,dga
ix6zo9g.info,dga
jljs9ffj65.info,dga
69vtoo4.info,dga
yl2nh9.info,dga
tmxg8ii.info,dga
19uy4qlqwn.info,dga
tz68vktmi.info,dga
372fu889nf.info,dga
x542v15.info,dga
jjljwh.info,dga
kvovx34.info,dga
wnlus8.info,dga
mt4k7kk.info,dga
qu2jnf2why.info,dga
moikg7rvmgi.info,dga
ls723y.info,dga
otmvztmmxko.info,dga
ljn6junjy3.info,dga
6igrrixkr.info,dga
ffl848.info,dga
g1638ki1rvx.info,dga
16fn15ynyn.info,dga
3mvok5t9gi7.info,dga
n1us3yf8uu.info,dga
1rxkk3o.info,dga
f2f5wyssfw.info,dga
zggxtx2.info,dga
ul8w6sf2.info,dga
omrx1kktv.info,dga
2h3qq794.info,dga
9orr942.info,dga
y9lf5qs9.info,dga
m8grxgx42.info,dga
6ys8n9yfh1.info,dga
o767g5krgzv.info,dga
17wh3274.info,dga
ogkk9xm.info,dga
u2722n8jw8.info,dga
xir7rv9x8.info,dga
qus48j6u2h.info,dga
o3kkzmi.info,dga
5jj1s19hsf.info,dga
23rgv44.info,dga
51uu46.info,dga
zxvoitgg9.info,dga
73nfw5ns42.info,dga
x9om8ztt1.info,dga
2slyhfy1.info,dga
273rrvt.info,dga
l4yyy4s126.info,dga
91969z45vmr.info,dga
247uhw2s69.info,dga
kt1ztzr.info,dga
f8jlyw.info,dga
mm9itzt.info,dga
wsyjqywyjy.info,dga
ittitm571ki.info,dga
fus6snq6sl.info,dga
tvt3mtikx.info,dga
lqjs1l7j.info,dga
io886ro.info,dga
3yjqyf.info,dga
kiggkxt3k4i.info,dga
4y1jl8.info,dga
z42ox78.info,dga
8us3j4.info,dga
voxv3rtx1or.info,dga
2shsyquq.info,dga
xmoov5i59z1.info,dga
ys7nq5ww.info,dga
g8rgiki.info,dga
fnj7wu6ysj.info,dga
tm41g9v.info,dga
639w4jj7.info,dga
9k7mitr.info,dga
5hlw7n.info,dga
ikirr3kv2m2.info,dga
fflhn8uljn.info,dga
1vg8m4m2tik.info,dga
wuqnf9.info,dga
i5vv1mmtvio.info,dga
js8l2yyjns.info,dga
mgr77tr.info,dga
qqhlq2.info,dga
g8ovzozr8.info,dga
8fl865w1jf.info,dga
5ztgtmvio.info,dga
nw3shj1y6j.info,dga
vvzt6183z.info,dga
nuwsylww.info,dga
zg6g8xg32r3.info,dga
uwhjf4.info,dga
v4m2itk89z3.info,dga
15sl7u.info,dga
k2mr9ktv4.info,dga
jju7uq.info,dga
gmo1rmvmr.info,dga
l364jyjh8u.info,dga
tkrvik176.info,dga
jlwjw8hj.info,dga
k4rkkzt.info,dga
y1yslq.info,dga
xkmv1xggxtv.info,dga
997lwfns86.info,dga
9vkxroggt.info,dga
fsnfhh34.info,dga
g3rg4x4.info,dga
s8f5lf.info,dga
tm9k8goor.info,dga
ylfw8swl2l.info,dga
oivtt6x1k.info,dga
ln99f754.info,dga
rz8t79vm7.info,dga
yuqsw3.info,dga
ro6kg32.info,dga
su3f62n5.info,dga
9k4v65z.info,dga
3qfsfu248q.info,dga
kvt9r5rt49k.info,dga
1wyqjy.info,dga
iozz2z7g2.info,dga
19whuwsw31.info,dga
v7xzzzv.info,dga
u91fsy8h.info,dga
285zikx.info,dga
9l53yy.info,dga
i9ix4gxv6.info,dga
6y23jyjn3w.info,dga
kxkvt3gg9.info,dga
1335flu6.info,dga
i2vkvkxkmxi.info,dga
5hy54f.info,dga
r7xok3x7m7k.info,dga
qf8sjqyy.info,dga
4567469o9k5.info,dga
qjn546sw.info,dga
4x397igv4.info,dga
6jw697unwu.info,dga
mmxkrzi.info,dga
1ywu6hlh2f.info,dga
69i5k3g.info,dga
j266jq.info,dga
gm22ki6x5mr.info,dga
w1fuus.info,dga
kvtxkvk.info,dga
l71y7s.info,dga
g64xxko.info,dga
2fjyl3yj.info,dga
xrmt54r.info,dga
huwyhshw.info,dga
4i6rg2m7v79.info,dga
9s2hsfn942.info,dga
gmvoztk.info,dga
nj7w3lj9lf.info,dga
i84tkr3.info,dga
nf3w3n.info,dga
3m18omz.info,dga
q7w4sq8w.info,dga
rk3mm7r6o.info,dga
y95jl4.info,dga
x45mkgrorgx.info,dga
6l18uuuf.info,dga
t7k5tiogm.info,dga
sqw7u6.info,dga
zxgx4x5gg.info,dga
llw55u9uuw.info,dga
3i66xv1ir.info,dga
ju1nnj88.info,dga
gmkz44z13.info,dga
6q6f38.info,dga
37zxzmozt31.info,dga
wjsssl3f.info,dga
ortz6t78ggz.info,dga
n4fq2l83.info,dga
vr2t46v.info,dga
ul757w36.info,dga
3mz9om4.info,dga
f47h73.info,dga
z72ggg2x1ot.info,dga
fsuqn7u77j.info,dga
9vxx7gmt8.info,dga
j86nwy.info,dga
zgr83mm.info,dga
y42jqflfnw.info,dga
62mm22tgg4k.info,dga
quh28qs2.info,dga
oii23k6.info,dga
258jj6.info,dga
x8vvg5xt5.info,dga
n32q1lhfnw.info,dga
65xizgio2z7.info,dga
ul5jslw31j.info,dga
irmmir7i5oo.info,dga
263l758ly1.info,dga
okz262tkk8o.info,dga
qwsh7nuu.info,dga
7mgmig4ik.info,dga
q35wqhjlh7.info,dga
vortxv5.info,dga
suly2lw74q.info,dga
v4kv6omx4.info,dga
yy6yh32l79.info,dga
vr7rk1x.info,dga
8wwfl2ul.info,dga
xv5vvik.info,dga
sjlsuf.info,dga
1o5v283rx.info,dga
3lsw8qw5.info,dga
trxm3or.info,dga
21uhj3j6jh.info,dga
txm6zir.info,dga
9qqs36s5sh.info,dga
92vt4x7rkzo.info,dga
jhhnh4.info,dga
kg427givg.info,dga
j6lfhyq8.info,dga
6rz2vizrkok.info,dga
3sn6wj.info,dga
74zkzkktii8.info,dga
n5882ynuq3.info,dga
r47o6z231.info,dga
uu4snu3h41.info,dga
1kzi7vzm8z9.info,dga
ynh2nhl53n.info,dga
76vg4vg.info,dga
n69sqj88yq.info,dga
m3vrzg4.info,dga
3nnfuj.info,dga
86819i6t5.info,dga
l6qq7n46.info,dga
x5ggxkir4.info,dga
qljhys.info,dga
o5zmokoigmo.info,dga
3j8unlfs.info,dga
3o8g14tmm49.info,dga
fnlsj7.info,dga
3ktxgt91m.info,dga
s4uwwshn.info,dga
rt74rm8v1.info,dga
jhuns2wy.info,dga
izxxgm3x3xx.info,dga
7suqnu5j.info,dga
4omzgxk.info,dga
8h2l2fuu68.info,dga
9xzkm26.info,dga
u99u5wfff4.info,dga
61z564ki3.info,dga
lhsj7q.info,dga
741141izo.info,dga
fjy6jhshls.info,dga
rvxo7o8og.info,dga
1y4jy5hyjj.info,dga
gr5t3o6ovkt.info,dga
yjl85n.info,dga
zmto631vt4z.info,dga
65ff1346hj.info,dga
mk3gzg3.info,dga
jjjl642j2s.info,dga
2r5kzv3.info,dga
hfwy4s.info,dga
79t456o7m.info,dga
juyq1y.info,dga
48io9iv16ir.info,dga
1s5qqq.info,dga
xv1ir2i5z.info,dga
1hywy4js.info,dga
m191oitrm.info,dga
hy54yf.info,dga
z3toir6vo.info,dga
5fs2wq.info,dga
zx16tkt.info,dga
shq8nqwh.info,dga
2g5zxmmmkk6.info,dga
wqn97l.info,dga
g3vmgikko8i.info,dga
s8qsw8fuqh.info,dga
gi6ox5mvx9x.info,dga
2wf4l6.info,dga
o462xtr.info,dga
f749hl.info,dga
zmm7kivv87x.info,dga
y6h5qsww.info,dga
t7irtrx63.info,dga
w71hjsjwq2.info,dga
zmkrvoiix.info,dga
yqsqlw9hn9.info,dga
mmmmmit35zg.info,dga
9hy312.info,dga
kv9t1ik.info,dga
1lwqh5fj.info,dga
7g8mii8zr.info,dga
wqylqnhh51.info,dga
mxxzkrk4kr1.info,dga
sqsuuqj73q.info,dga
t3vzzmi.info,dga
ul8yh1.info,dga
gr4t2o9mi86.info,dga
qlhswj.info,dga
miz1ozv.info,dga
qj3q9y7u.info,dga
7m19txi.info,dga
lqsj316h.info,dga
ti1rt5mik9t.info,dga
43sjlsnj.info,dga
4ogmoxmvt.info,dga
587nly.info,dga
vztz91g8t.info,dga
u8jylq.info,dga
mvxgk4z.info,dga
3ffqy2uw86.info,dga
2oomgm5.info,dga
n9nfwls1.info,dga
vr86754.info,dga
57hqlqq3s9.info,dga
korrk65.info,dga
66lsl3ln.info,dga
zim7tiiv9.info,dga
qw41wu28.info,dga
rvo48vi5i8x.info,dga
jfnyh8wfq1.info,dga
zr2gxovto.info,dga
swy33huj.info,dga
rg18mitzt.info,dga
y11u33yl.info,dga
911o86z.info,dga
4u27n2.info,dga
z5rig97r1.info,dga
5yy12h.info,dga
1i8r8g73r.info,dga
fnw7s1.info,dga
imxxv6vox42.info,dga
nunf1y.info,dga
45ovt41.info,dga
8yquy579jf.info,dga
kkro7g1.info,dga
9lwl5wswlj.info,dga
izgoz13.info,dga
7nwh9us3.info,dga
mk3z4925krv.info,dga
83l7n5qqu5.info,dga
xx672oz.info,dga
lswyw23qln.info,dga
rtvi3g4mk.info,dga
y2qlwy.info,dga
6gxg911kt.info,dga
w3qn76uj.info,dga
g1zxgzm.info,dga
n8w2w294.info,dga
vg7742koxmt.info,dga
www885usqf.info,dga
zx9ggg6.info,dga
823suylfl4.info,dga
ozo3mrmi5mm.info,dga
948y69f7ju.info,dga
916zo1m.info,dga
66j5f6.info,dga
kozvr4vi7.info,dga
jjsw65u5.info,dga
k7m9ivgx2.info,dga
9fy22q8q67.info,dga
938ixmxzx.info,dga
l8u67nu4.info,dga
o3zr9i538.info,dga
wqlnhwwy.info,dga
45kom1t.info,dga
y7wwujuhu6.info,dga
zo5k88x3rtk.info,dga
s2u63qlj.info,dga
6kti638mv.info,dga
llq4sy.info,dga
vmio6xttog1.info,dga
nhuf6s.info,dga
t42mg6otork.info,dga
f423wnw8.info,dga
432ormg.info,dga
8yju28.info,dga
i3kggmr1o.info,dga
1q121u.info,dga
4rrvi69tzi8.info,dga
wqq1lyqn.info,dga
tiv9kx2.info,dga
s3h7ql3lun.info,dga
i3xgomm.info,dga
j8y5nj6fw3.info,dga
r824xmo58.info,dga
7jnn3n.info,dga
4g2tmk8o6m6.info,dga
795fn8.info,dga
3mro1mor9ov.info,dga
n48u2q.info,dga
k8z3xvkox.info,dga
5ws9sq.info,dga
45txtkt.info,dga
n34yu5.info,dga
26xt6gk6k.info,dga
jqqhqw.info,dga
mi9k382mt.info,dga
y6wu227s.info,dga
ii4im7i9m.info,dga
nfwu5fju3j.info,dga
r2o4r5z.info,dga
12f1yqy5.info,dga
g8t48g6.info,dga
yywjjq.info,dga
2k5ittv.info,dga
3wnhsf1fl1.info,dga
348r8o5x75z.info,dga
2nwqyj7f.info,dga
2r6g1ktrm.info,dga
fl9jul.info,dga
67ggxzz.info,dga
nfsj3w4h.info,dga
ti58ri7km.info,dga
l5488y.info,dga
4okvmtrm74m.info,dga
jsll4w.info,dga
ixt28g6k1.info,dga
fnwf7un29l.info,dga
5kitxx6kv.info,dga
uqn85l.info,dga
3itmg1v.info,dga
sj9s274fsw.info,dga
2iooz591583.info,dga
1j3nfq.info,dga
t6v4g2g.info,dga
9wh2su7hwn.info,dga
rztxgkx7ko6.info,dga
u5ny4n.info,dga
15tkrio.info,dga
4shhyn6h.info,dga
mikzt1o.info,dga
2yj55ufujw.info,dga
omk2ixx39.info,dga
4yff66hlj1.info,dga
rz9i1gttoiv.info,dga
wqlqlfn3.info,dga
1oxk236.info,dga
u87jwsn1hq.info,dga
3k8475g3kiv.info,dga
jffly8ly9q.info,dga
vzox924.info,dga
j8344q.info,dga
t36xr8vmm.info,dga
jsnh6fu9.info,dga
3gmir51ox.info,dga
j8qn4sys6w.info,dga
x7g9gvk1m.info,dga
jlyhfn.info,dga
7m7orixv8.info,dga
w9lljj.info,dga
2mzt8i3v3km.info,dga
63f75j.info,dga
gzgo7o8.info,dga
swjn1wny.info,dga
26grmv66v.info,dga
yljy6wushf.info,dga
ii8vx1vxm.info,dga
yylu9yffy9.info,dga
o7tm512z5oi.info,dga
886qhl.info,dga
zxvimt9i9x1.info,dga
ysu12sf4ns.info,dga
1r7zkkg.info,dga
7qj53sws.info,dga
78mxmoioz1o.info,dga
nhlnls13fn.info,dga
x46rt7gmzmo.info,dga
4f5lhs77.info,dga
mmkv16vzvzi.info,dga
4fs6qhjj.info,dga
9v2tzok435x.info,dga
hwqqhy51.info,dga
kx7xvxvvi.info,dga
8jnh8u34.info,dga
9k6x7xmm2or.info,dga
wlfh7s8l.info,dga
g4vk73g12.info,dga
fjww9qn691.info,dga
xrzv4mgkto3.info,dga
73nn5yq1.info,dga
kkxztrmtm.info,dga
ysnuuj.info,dga
i729iivm6.info,dga
hnl2qq.info,dga
44ttxmvm9.info,dga
l228yfjw.info,dga
it2vmz344.info,dga
jf622y.info,dga
gokvk9869.info,dga
sjh8h8.info,dga
9i8r31izz.info,dga
q2wwnnlw.info,dga
63kkx52iv.info,dga
h22wyh.info,dga
g5z1m3xox.info,dga
7w7usf93.info,dga
rx7o5rr.info,dga
wlhhf6.info,dga
mok94rg.info,dga
qfws8sh6.info,dga
ottz691gv.info,dga
18jsyu.info,dga
2o1z5xk7v49.info,dga
lw68nl.info,dga
mkt9tgmtomv.info,dga
nyssw1.info,dga
z59r97kmm6v.info,dga
w8n4f4.info,dga
2vzggo9.info,dga
l7h3usj1.info,dga
k73o7z4z9.info,dga
qh46lh7w.info,dga
xtx32gt.info,dga
1h4l6qwj.info,dga
r1mgkmi6m.info,dga
74huqf.info,dga
t5kork8.info,dga
q9fu9wfuuj.info,dga
mkmx57x4m.info,dga
juulsqnh.info,dga
vmz317x5o.info,dga
nf1q9y.info,dga
5rok4o7vxri.info,dga
nl4uwqjs.info,dga
m29rkkx.info,dga
swju3q4y1f.info,dga
k1o7rm5.info,dga
h2q11h.info,dga
vrozmzm76t3.info,dga
9slfqlf8.info,dga
imt4okg.info,dga
3w8f7y.info,dga
ivkxg7m.info,dga
jhuyjl74.info,dga
3orkrkiggxx.info,dga
q8ysh5.info,dga
3ri549kig.info,dga
q92uq9.info,dga
t1kioxt.info,dga
7h45hlnys2.info,dga
v92gv2vi44z.info,dga
w3jqnq9y.info,dga
3ixv8g4.info,dga
sl9fuyu3.info,dga
vk7gkgm.info,dga
fnj8jy3u.info,dga
mkvx9ki9r.info,dga
1nhwqqy3.info,dga
o4xg9rg6g.info,dga
sjn6shh5nu.info,dga
5krrvt5r6.info,dga
lh344y4wun.info,dga
tiz3xxr3gv5.info,dga
qfhhwyy7s2.info,dga
zm4mi9x.info,dga
22h63j.info,dga
ti5toto8trt.info,dga
fh99hwyuh2.info,dga
vv553gz.info,dga
w2fjyh.info,dga
v99tm6x.info,dga
wsnfj7fu.info,dga
rgrovvovi9z.info,dga
lfqs3j5h.info,dga
roto2i9.info,dga
9qj95jq5.info,dga
3koogx2643t.info,dga
25whfnqu.info,dga
txv3o18.info,dga
q61f36yu.info,dga
8r1t5m3.info,dga
327n5wy6sn.info,dga
xkimk1ovtmv.info,dga
ujsw98hf.info,dga
om3i4zzti.info,dga
l2nnfysl49.info,dga
z2zx446.info,dga
f4ll1hq8.info,dga
2rtto5xg6.info,dga
f1wfyj84uh.info,dga
tmxm5k7tvxo.info,dga
qyj1uyqh.info,dga
o1krmz1tr6t.info,dga
sl444hf74y.info,dga
g4ztoxzxz.info,dga
l3nfqylsu7.info,dga
gr9279r.info,dga
f9q112w7.info,dga
r99kxkzv46o.info,dga
qjqyql.info,dga
1gigov143.info,dga
39jjlhfl.info,dga
9gxo5v61i.info,dga
45hynlwusl.info,dga
vti5ztt.info,dga
395w4fyw7s.info,dga
3kg27v2r5zz.info,dga
w8lqujyw.info,dga
kmm9r2vkr15.info,dga
lfhhfq.info,dga
mkitgtz.info,dga
nf75u7qq.info,dga
6x4zom1i4m6.info,dga
51h3n21sfl.info,dga
t5gx95ok7xm.info,dga
slj3lwu2.info,dga
vkiki7okok2.info,dga
wjfyhn7q7j.info,dga
rog8gk9ritz.info,dga
6lu443.info,dga
1g75oo1.info,dga
yusq2l97.info,dga
54k329v.info,dga
hqhhulyhqy.info,dga
ii1igm6m8tx.info,dga
3jfyf2.info,dga
r11kgmkxgo7.info,dga
hs4fluqqyh.info,dga
1zm8xzv.info,dga
nqq1sy.info,dga
x99r9gv68.info,dga
f87fq5nj9l.info,dga
oz1rgxi.info,dga
53wlu1hy.info,dga
27ovk8mxo4t.info,dga
slhsufj64n.info,dga
9o13igx.info,dga
yf7w4y1l5n.info,dga
k6zg332.info,dga
j4wwnhyw.info,dga
x3922g4it.info,dga
hlqsh1.info,dga
1k8kmt7ri2g.info,dga
u5y4qu.info,dga
gg37vxzm9.info,dga
lyh4j571yl.info,dga
g34iii8.info,dga
22sj1ywlq3.info,dga
gtmxmrvggk7.info,dga
51wh1hww.info,dga
gm2vkkxkx93.info,dga
jll8jy.info,dga
kir8mok.info,dga
nwy8ynfn.info,dga
8ix65gixv.info,dga
f9yhfw.info,dga
kvvxz7zkrik.info,dga
u246ulll.info,dga
ttzrzmmmm4g.info,dga
8yn65j.info,dga
ttvg3zotvv2.info,dga
qnw6nn.info,dga
8xzo85t.info,dga
26yuf8hwhq.info,dga
mxzz8rvx9.info,dga
uw796y.info,dga
vtxvkti8izx.info,dga
us68qq8lul.info,dga
5koor56tt.info,dga
74hhhwqju6.info,dga
xrxiixz6m.info,dga
q4lf373jhn.info,dga
72v17g85v.info,dga
4uwf132s.info,dga
x82g71g4v1x.info,dga
3ufyyw74ff.info,dga
ogk87vrg2go.info,dga
ynlf28.info,dga
kz2mz5v.info,dga
hnyn33ww.info,dga
x3zio2rx2zr.info,dga
y8unns6w.info,dga
1ii363x.info,dga
637wu465lh.info,dga
m767t42.info,dga
19h2yls3.info,dga
9r51iorzz.info,dga
whf7j71l.info,dga
mgkgizi79k9.info,dga
h6n24ll83y.info,dga
xokm16x.info,dga
wsf128u54s.info,dga
zoxikzozi.info,dga
7synww.info,dga
5zmgg334izo.info,dga
4uqwqw1uhf.info,dga
7kikt37gi.info,dga
ynwh6j4q.info,dga
vzt549v94.info,dga
yh78ssu97n.info,dga
zm349ki.info,dga
5sjll8.info,dga
3r94tkm.info,dga
6uufhq.info,dga
rmvkk27g4.info,dga
y8fnf1wwun.info,dga
mm46mk3go.info,dga
u65s3j1sus.info,dga
2k5g9z3.info,dga
nfq9lw.info,dga
rv5x3gx.info,dga
lqsq5yf9.info,dga
2i3xkv5ktrv.info,dga
sq8n5f7n.info,dga
v6zzo95o7.info,dga
8s7whf.info,dga
ovt6ttz.info,dga
4jn5nqusfl.info,dga
v5vzr6rvixo.info,dga
3fyuy25uq8.info,dga
zizrkx1r7k8.info,dga
q3n8y5ns.info,dga
2k4mtgo.info,dga
1jyu8u.info,dga
3mmtktg6336.info,dga
8yqjqq.info,dga
6v111iv.info,dga
wqfnu1.info,dga
6ivrrzk.info,dga
yhu6qf.info,dga
ziixzg6rz9g.info,dga
hh7nw8ss.info,dga
gmg4ttzvm.info,dga
y69sjj.info,dga
rrx1ri15xxr.info,dga
ul7529.info,dga
zro84kmk9.info,dga
h61sl6.info,dga
x9oktrg.info,dga
yy2js4.info,dga
ri5gigz22.info,dga
hl18yw2y.info,dga
mvr1t96zmtt.info,dga
q135l5.info,dga
gvmogmvk6.info,dga
lu3nf4yw8u.info,dga
9mrk91xkx.info,dga
3w4h7q4l.info,dga
9zvg76o5g.info,dga
juyuswy2w5.info,dga
5vikv9ki6.info,dga
4wuwfnw3.info,dga
37rv4iivvvv.info,dga
3hw75wy58l.info,dga
5t2k763xg.info,dga
nll4h4nfun.info,dga
xtkxivgor.info,dga
nws52q.info,dga
o9tko88.info,dga
2l9w9jnn.info,dga
rzx1rgx.info,dga
5u7l2wf8ql.info,dga
rv5o49vx2ok.info,dga
wussnsw1ws.info,dga
iivkgiir2.info,dga
6q51yq.info,dga
x7x1vgg.info,dga
5lqhnyu7.info,dga
oro8x7mrt.info,dga
9jsqyy36wq.info,dga
t6ggkgo8144.info,dga
js7ujh.info,dga
o5vrgiv43.info,dga
7h3hnnlf.info,dga
812ztiomz.info,dga
5qunjjwfjq.info,dga
2zk9kt7m2.info,dga
u2wq1n6uyn.info,dga
34k189vv5oi.info,dga
1j85uh4yyf.info,dga
o3xo99x.info,dga
wq8unf.info,dga
286k6og.info,dga
f1wffj7q.info,dga
i41t55g.info,dga
9w8yjusyf4.info,dga
x871k9k.info,dga
jjs7yj16.info,dga
z3xr5zkvkxk.info,dga
u6ul5j.info,dga
viivik8ro.info,dga
uyly8nwuyw.info,dga
2rv9x7mktg9.info,dga
nl5uhuuhyq.info,dga
g56mx3tk5rk.info,dga
hy9llh.info,dga
mrx6gi7.info,dga
llq4llq614.info,dga
tirxtot33ik.info,dga
j82s3fnh48.info,dga
iggo6tk4z3z.info,dga
9j2uujju5f.info,dga
ktk72gk.info,dga
55jlw7.info,dga
254zvvx6rix.info,dga
24nws4.info,dga
x6m42782g.info,dga
j1h48l.info,dga
i3tr4xgor9x.info,dga
u6h8ww17.info,dga
g186gmv.info,dga
s19wjfwl.info,dga
x2t748rtv.info,dga
96sqlh7q.info,dga
rmii4tvr9or.info,dga
usw344hju7.info,dga
17o8k7z.info,dga
nfy4yuqhh7.info,dga
i1mk7vmg6vr.info,dga
5llnhw.info,dga
9mt49zko2.info,dga
yssjwlu7.info,dga
z9rvxkz3rgg.info,dga
5us463.info,dga
m9g68ii.info,dga
f446sls1.info,dga
ktz7oz8.info,dga
5f88l82h.info,dga
txzmvootki5.info,dga
2s4j78.info,dga
9rx8vtorgmi.info,dga
lwjl1yws.info,dga
ikmik49mr6x.info,dga
h2ju1h.info,dga
tztvixm.info,dga
f1nh5q.info,dga
5o93319t8.info,dga
6f5fnwy2.info,dga
9v61kv7z7.info,dga
syujhy9j.info,dga
g6z12ixgg3k.info,dga
5wlyf6.info,dga
rxz5rk2zzkg.info,dga
4uusjnns.info,dga
xvrxkrx.info,dga
hq3hh7.info,dga
19689r1rr.info,dga
7wwfsl.info,dga
31m6761.info,dga
2nlluf3j.info,dga
z6g6vr9zg.info,dga
hn3fqs.info,dga
r1xmmtmooz5.info,dga
f79wff589s.info,dga
rvii1tt.info,dga
h1y2jh3q.info,dga
ikr6tomzz.info,dga
jf1quuf1.info,dga
5rkti3vz3.info,dga
sfu1y6n1.info,dga
r3xxt9rzo.info,dga
fl1nql.info,dga
kxkv71rtt.info,dga
w8nn6q.info,dga
v7krmtt.info,dga
26h8hq.info,dga
o8ti1zrgg.info,dga
j4s5jn.info,dga
7i4kt3zrm.info,dga
uhsqln.info,dga
8r3zomot9.info,dga
yh79u8nj9j.info,dga
ggx7g5g.info,dga
n3wwfw4h.info,dga
gx8m4x59zvt.info,dga
25suushjn5.info,dga
4riigxz.info,dga
65n23j.info,dga
47382rv.info,dga
qlqfjsfq1u.info,dga
ovvzt288vx7.info,dga
w2952q.info,dga
ttk894k99.info,dga
lsfuu9fsuh.info,dga
7i5zgoti6g5.info,dga
qjqlulw1.info,dga
1rm89tmrv.info,dga
2js2y7.info,dga
roxtkv3oi.info,dga
lh7whhnqj4.info,dga
9i74xri.info,dga
wl24yjq311.info,dga
3t4xz53.info,dga
ys1h5w8h.info,dga
3ogmo66v2zg.info,dga
f8ly2q6wsf.info,dga
6zr5gxvzg.info,dga
f2s9fn.info,dga
3xt3vim9g.info,dga
2f53fsq68w.info,dga
t74r5mz.info,dga
ff3fhw.info,dga
iovrzo1856g.info,dga
yw5ju6uw55.info,dga
o5zi2kriz65.info,dga
8f1wfh.info,dga
6513kv6.info,dga
hq73jq.info,dga
vottkmzrmox.info,dga
wysyqq.info,dga
x7kr97xit81.info,dga
ynu11w.info,dga
v3r8kk3.info,dga
ln3s8f29.info,dga
83mov7zg7.info,dga
31sn57.info,dga
v1t3o4g44g7.info,dga
17nn3fy5lw.info,dga
mtmr8gr5gvo.info,dga
wqlyj7.info,dga
ztotito1mkt.info,dga
qh2fh8s6jw.info,dga
18o97r4gkzm.info,dga
wlynfs.info,dga
o3mgiz9.info,dga
6455wf3s.info,dga
k9g8mtomx.info,dga
ls89qs.info,dga
8g55r635kt7.info,dga
qqlfsj66hn.info,dga
kr9ikm4miro.info,dga
399ffqjw4f.info,dga
x2xtzko.info,dga
nuj8q9.info,dga
xz5k8gkkm.info,dga
hus5fl.info,dga
rx77vtrmm.info,dga
6l759n.info,dga
zrkmmxx.info,dga
3y69jw.info,dga
v84zmz96i2v.info,dga
wnsl7q7wwl.info,dga
96x66v219.info,dga
y1l8suq2.info,dga
o1rm5mg.info,dga
hj2fn3q2fq.info,dga
z2oz9k2k5vo.info,dga
3nf8hl2q54.info,dga
mkv289itt.info,dga
y8qy814ynl.info,dga
x6zm7zk49.info,dga
jhlyq3.info,dga
gm2v2xi.info,dga
9s2lnnhw.info,dga
m9i9r7o5x.info,dga
yw3hlquq.info,dga
gvtrg6xv21t.info,dga
jw3h19sj9h.info,dga
vmr9mggo6xg.info,dga
fl8h4u14lw.info,dga
gko9o1x4rmx.info,dga
1yuyluyl94.info,dga
ttogzrt.info,dga
s8yu16llun.info,dga
8kiz6v635ok.info,dga
6yl7njq8.info,dga
kz3tt8mkx.info,dga
lnu7nn265j.info,dga
6zkott5gkok.info,dga
ujw6su.info,dga
t8kmkttmk.info,dga
swj6qq.info,dga
ko254o1v3.info,dga
sw2jj9.info,dga
8v7o5govk.info,dga
qq84hlw6fy.info,dga
gzmxo5zgr.info,dga
24lf4n2s.info,dga
rotm1rrim.info,dga
825nwfq1n2.info,dga
mmoxtmoggoi.info,dga
hq29y2qy.info,dga
g91ov2r.info,dga
y6wfqj.info,dga
82z1tzvmk.info,dga
wqnsnq1l.info,dga
mgrm3g7ii.info,dga
f2lfh47h.info,dga
o6t3oxrtkm9.info,dga
fjh839.info,dga
xi5ivk333k2.info,dga
3ynlwsju.info,dga
r33xt9ggxkx.info,dga
slynnun2ww.info,dga
4g7tgk4.info,dga
395l1slj.info,dga
mzk691vzr6v.info,dga
4ynsww6j.info,dga
rg329ttzvgt.info,dga
llq9sq.info,dga
g7ormr32tgk.info,dga
w43ns1sj.info,dga
9ti53toiz.info,dga
ysjfusw2q9.info,dga
irrgz2vxtor.info,dga
9h4nyuwnl4.info,dga
iz29i6i11.info,dga
whhnqhjl9l.info,dga
7txvtm95mkg.info,dga
1sn1j8juqs.info,dga
zgkgz53.info,dga
hnnjjq.info,dga
xo9io8rxg.info,dga
ff451nnl.info,dga
kg2rz81k4.info,dga
n21flqqq.info,dga
36ko34xrv.info,dga
l3fuwn.info,dga
2mxr4xi3grm.info,dga
5q7wshfl.info,dga
ozt55796gii.info,dga
yssf94y6ss.info,dga
zrgi944.info,dga
s4yyu1hj.info,dga
718x635r2.info,dga
ny26nnuj9q.info,dga
kr6tvmz55.info,dga
83hynl.info,dga
r1otxi4z6ko.info,dga
sjfqjf.info,dga
4k2itim86.info,dga
2s7s8uyl.info,dga
ttitt923z.info,dga
559wqj8j8l.info,dga
og4krgk1tv2.info,dga
lffj1h.info,dga
3kr22t2zmig.info,dga
14f99w.info,dga
tim8tkt.info,dga
s7lwfh.info,dga
zz4rmti.info,dga
75f2n8nu6w.info,dga
mrkiooo.info,dga
f7hy75unsu.info,dga
5oz75m7i76z.info,dga
yqj3sjjj.info,dga
5m3krz115xg.info,dga
lj89j4yu.info,dga
mk3t2ik.info,dga
l7ns89why2.info,dga
zvvm7r6.info,dga
wufsuu.info,dga
zm58ovxo35v.info,dga
5nhquqhf9l.info,dga
m6og3tg.info,dga
1l95hy96.info,dga
v3kiovg83.info,dga
wq9wfqj8.info,dga
mvgg6rtxr.info,dga
qsqjhy4w.info,dga
vzgtg24kitr.info,dga
sh9nl2f3n7.info,dga
itv441978z7.info,dga
l5jhy51f.info,dga
k439g3z3vmt.info,dga
hujj17.info,dga
gi32rrt5xkx.info,dga
y378qn.info,dga
m254km55rt9.info,dga
njf54f.info,dga
z75mzz7m8.info,dga
fun4q3.info,dga
vv7k1357r.info,dga
2ws1jh.info,dga
gzirxo3.info,dga
w53l67.info,dga
k7kzv4o.info,dga
7nwwuf.info,dga
orxio66.info,dga
nu9h612hl6.info,dga
3ktrixtt999.info,dga
22jq14.info,dga
mv4k5xikomv.info,dga
fjjyjjlny3.info,dga
6x3kr6r.info,dga
1ujqlf.info,dga
3mz7kx7z8.info,dga
j1lfhljl.info,dga
oiik7i3.info,dga
2j2lfylu8h.info,dga
3it5i62.info,dga
uy7hsqyh4n.info,dga
7ktxv8k.info,dga
nnlqfwq1q2.info,dga
v59g9mvrk8i.info,dga
hjj74h.info,dga
zv251oki8.info,dga
l5s1jsnhu5.info,dga
6xxk9z2r5.info,dga
hqysf9jf.info,dga
7tmrgvgo7or.info,dga
q12u36.info,dga
iokrtvi.info,dga
jl23yhws.info,dga
g46rzk5i3xv.info,dga
3s1hj66f8w.info,dga
tvgr6kg.info,dga
48uf9w.info,dga
mg38g65i94o.info,dga
hyf698fu4y.info,dga
63k9om4.info,dga
7qn9l3.info,dga
xov1vvxmg.info,dga
526qws.info,dga
6mog99mv2.info,dga
53239s6f.info,dga
vk1zxxzmr.info,dga
2q4l8jnf18.info,dga
i7i7368mz81.info,dga
u53yqs.info,dga
k6ikkkxi82o.info,dga
w37lqq.info,dga
o4txgx27zox.info,dga
fljlnw.info,dga
go5k2ik.info,dga
lh4q43.info,dga
ti2mi4x.info,dga
qsnfu3fu.info,dga
kg9vv3r.info,dga
hqqnlw.info,dga
oto17mvik.info,dga
7ysffsf7.info,dga
i2mz78oz3.info,dga
fuq3f7.info,dga
3vzx8r939.info,dga
22ww2h.info,dga
z6r568mrv8o.info,dga
3hlqs77l3n.info,dga
rtomrxtr77o.info,dga
jyh2yh.info,dga
om1tivo.info,dga
jwnsljwn.info,dga
6ttoi3xmttx.info,dga
ljfuus.info,dga
xiv8xxogm.info,dga
qqh1h69j.info,dga
k6tkozrto.info,dga
h9us99wl.info,dga
ro5zgt2rm.info,dga
6wn3yq.info,dga
55ookg2.info,dga
7nu3nlhy.info,dga
49kkimr5izk.info,dga
y547h5.info,dga
vigvrx6zrmg.info,dga
jy8lfu.info,dga
vx3x1xvvg.info,dga
9jq6s6yuwu.info,dga
98o89k5ozzz.info,dga
jq77l7un.info,dga
ixrxoxoxz.info,dga
6wlwhl.info,dga
8r4rkm94g.info,dga
43w47n.info,dga
8mkk6kzt4kk.info,dga
6ysnq1hy.info,dga
goor75ok9.info,dga
9jsj7ffhw3.info,dga
k39vmmigx.info,dga
5uyuw8.info,dga
vtoximvkzmv.info,dga
njywf4w5.info,dga
tvtkmk1xm.info,dga
yfyf7j48.info,dga
6ki62i43g.info,dga
fn7wl17l.info,dga
txx8o2kgi.info,dga
4wwu78hj.info,dga
v9rgvk9zg.info,dga
jwj52fh6.info,dga
66rvxotizgo.info,dga
25ulqjlw.info,dga
tt9ztvm3m33.info,dga
uqnsw1q7.info,dga
v1t3gmz2rm6.info,dga
huu6y85nhw.info,dga
mri4m3ok4vi.info,dga
n33nw82nlh.info,dga
rg3ogrr.info,dga
jn92s1h8.info,dga
givv5tx.info,dga
9nnjnu3n4l.info,dga
tx1r8kiggix.info,dga
7yn8qjh33s.info,dga
xir6kvo.info,dga
ffjfq6wu.info,dga
txo2mkzt24r.info,dga
425yqu49.info,dga
72mo3zkzo3m.info,dga
hyj9jf.info,dga
4m6o3t223.info,dga
2u2u1wfq.info,dga
otrxrootm2r.info,dga
57f949s83q.info,dga
xrti8rkv8.info,dga
wl72fu1u.info,dga
m98z12k.info,dga
j7874w4n.info,dga
zzvgk3kggk8.info,dga
f8l4yu8nu9.info,dga
rrmi7vgrk9z.info,dga
l756j8.info,dga
gi47mx7.info,dga
nwqwjfwwfq.info,dga
79r32i5zr.info,dga
84fhyfuuj4.info,dga
93x46xo.info,dga
qwhshyhj.info,dga
rox1o849o7x.info,dga
4nuuj8uqj1.info,dga
tk88zg2.info,dga
js5u14wy.info,dga
rrimt6x6m.info,dga
y58lul.info,dga
v62r4rri4t5.info,dga
lqsfw4yw.info,dga
9m48xz494.info,dga
1y6wwq.info,dga
5xttrrz5i.info,dga
yqw38w6j.info,dga
zo2zzk8ok9k.info,dga
jujhq9lq.info,dga
ztk1m1o.info,dga
u7jqu8.info,dga
zo1zkmmr4v9.info,dga
n4lqlf.info,dga
ttvxxgooo.info,dga
75w2ul.info,dga
9tootgi.info,dga
4yuhy7n3.info,dga
rt2v78x.info,dga
u597yflyuq.info,dga
r6o684v.info,dga
f1wufyujny.info,dga
xoxt8g616rv.info,dga
nnsjfu.info,dga
zrv7trk.info,dga
lyjqjjfqw6.info,dga
v681zzv824x.info,dga
wfufyj.info,dga
ik1rx2xo315.info,dga
qf5wf699n9.info,dga
g98392x.info,dga
72l3wh.info,dga
rgzttzmvmio.info,dga
7lju961sun.info,dga
x3m6kz3rx.info,dga
synqw1.info,dga
gr926mo64r6.info,dga
3w9611.info,dga
xkvvvmv.info,dga
2611j5sy3l.info,dga
ir9m6x8vm35.info,dga
fh7nfw.info,dga
3mxgo7t6r6x.info,dga
jjh41yjlfj.info,dga
v9o4vgz.info,dga
ysjj56h24w.info,dga
k79trm79782.info,dga
ff5l983fyq.info,dga
g1kvkiti32z.info,dga
7qhjfn.info,dga
mgxtzio8xro.info,dga
snuu8s.info,dga
15otgo91v.info,dga
y88s5u.info,dga
iro53itk7.info,dga
lfu9fsnjjf.info,dga
4r5tk6i1x.info,dga
3n494llh2w.info,dga
ogr3o1k.info,dga
5j42j788.info,dga
o4tmrgz.info,dga
l9nfn57l4q.info,dga
gzvt7o5.info,dga
hwhqu1.info,dga
oo137zxoov7.info,dga
5qnqj2.info,dga
499k7ti6iot.info,dga
nsyny5q4.info,dga
4kzz5ig7568.info,dga
hwy51h.info,dga
9xr8mzr.info,dga
48l59sssh4.info,dga
zgzt3ok8o.info,dga
qy29wfysjh.info,dga
vmorxirkt1z.info,dga
hjj2yhjs3j.info,dga
kmvxz28ximm.info,dga
w9hlfh2q.info,dga
711z85t79gx.info,dga
ffw9jsynyl.info,dga
m8xgxkvi682.info,dga
ju1n3qj6ss.info,dga
rm1ivg87x.info,dga
nws6j1yy.info,dga
4ivr2kggm43.info,dga
35q7ww98.info,dga
8364kk2o3.info,dga
4syn8y.info,dga
gtxxz6zov.info,dga
hwh34lys1y.info,dga
g5i9xx8.info,dga
6qy4y5h6j8.info,dga
k1kko1okzkx.info,dga
jhuwqyuw.info,dga
t5mi1v1.info,dga
329uw3.info,dga
vi5txx9zv.info,dga
j2n931us.info,dga
7429zt4vzm7.info,dga
u3y686ysw4.info,dga
mzxmx4xk451.info,dga
35hnyj6j29.info,dga
6zzo9k1gk.info,dga
ylnjuqf6.info,dga
omvzoxxoi58.info,dga
9yqfjf2s9w.info,dga
oxv4k49ii.info,dga
ww2nlsw7lf.info,dga
z1irrzkv4.info,dga
qfn7qjsw.info,dga
k7miz6m.info,dga
l9yynn8yh2.info,dga
izo9m64zz.info,dga
l98jwnln23.info,dga
xvg6mxgokg6.info,dga
7yyyny.info,dga
mrgmozx.info,dga
4jhynf25.info,dga
44vgm59k1ki.info,dga
qfnw128h.info,dga
8rg1xkv.info,dga
lwnf6fyu.info,dga
tki7xzi.info,dga
l31usqy5wl.info,dga
v8v9973r3.info,dga
n617u7q95l.info,dga
ti8tivoti.info,dga
2fjqju8n.info,dga
1k3kgrxr2.info,dga
suyl1ysshq.info,dga
xr25kzoog33.info,dga
fn5ff6143h.info,dga
kvzk5k71xiz.info,dga
hnw8hy63.info,dga
kor1vztrm.info,dga
hjs8nqyy.info,dga
2trrz6g5g.info,dga
hn953q.info,dga
867i5vk7t92.info,dga
5652ws6n6s.info,dga
659tzrx.info,dga
wynhfs.info,dga
g1xxkr8.info,dga
wys8s3njn5.info,dga
oxo3g5kk8tg.info,dga
sws4ss.info,dga
82kimrxi8rv.info,dga
s42n3fssnh.info,dga
g6oktm8om.info,dga
3sl2nfn236.info,dga
r3mko8tovvk.info,dga
s82fjn5u.info,dga
6kv9gmi.info,dga
qufl972l.info,dga
7xx1kk6ii.info,dga
hs8qnf.info,dga
5ozik99.info,dga
2nl2l6.info,dga
o39ktr51tti.info,dga
88882s67w1.info,dga
k1o1vztgm.info,dga
6uqsj9lhqy.info,dga
mr2xk9o.info,dga
7uhull.info,dga
m5v1zor.info,dga
nynsnsww3f.info,dga
irzzzo7it.info,dga
lwssjlfn.info,dga
5gvkxvo.info,dga
hqsj1u724w.info,dga
vzox741.info,dga
7whyl5hs.info,dga
itokk1i5g3g.info,dga
q91l65nu.info,dga
oro422x.info,dga
lhjl3l5w.info,dga
x18t4ik.info,dga
w54qnh.info,dga
76728517it5.info,dga
9lj688.info,dga
tvzxzxi37km.info,dga
u7hyfw.info,dga
4k7m9m3vm.info,dga
79nj1w.info,dga
zg3v3gko59k.info,dga
7811l561wl.info,dga
okz3zx5.info,dga
ljj8ffu6.info,dga
9r5mtog.info,dga
h7y1yy.info,dga
z8zmxz1ri.info,dga
2s8j4qll.info,dga
gozig114i.info,dga
ly5qq7ywj2.info,dga
7zmk98v.info,dga
h657sny5.info,dga
31vz9i4.info,dga
u37ylf.info,dga
4z3zvtxzx.info,dga
qq84fy.info,dga
mkz17g5.info,dga
wsh4wy.info,dga
kkvmvvx.info,dga
6jjhu9.info,dga
z3g2mx2x3o9.info,dga
unjwqs4ff6.info,dga
5tkkiro42.info,dga
h15l4q.info,dga
m5xvtmgim.info,dga
y814ns9u.info,dga
82xro4t.info,dga
9nyh961n.info,dga
gv9o12g.info,dga
shn69q6n.info,dga
7riv35ixx.info,dga
sy947nlq.info,dga
597vxm3.info,dga
ww2snsqf.info,dga
iivmo4t.info,dga
n8q1uw1y93.info,dga
7k72g3g93go.info,dga
n3sh15j26n.info,dga
igx49mvgmg5.info,dga
jqy7f7qs.info,dga
ri16r68.info,dga
w7q7whqsh5.info,dga
r8m9rit55.info,dga
w8jwn5n9.info,dga
8v4zxox.info,dga
y5q8fn.info,dga
8oi3xto8i9z.info,dga
78l1u3yj.info,dga
xzix89zzrxr.info,dga
7h8h1nlquw.info,dga
9zt6tok95.info,dga
q7hjhl73yn.info,dga
r3kr8zv1g.info,dga
s9qw4jwhyu.info,dga
xvirmt3.info,dga
5yqquw.info,dga
r465t18r5.info,dga
nsn57y.info,dga
mr51kk9zz45.info,dga
yj7wq992j7.info,dga
zvo565kkvx8.info,dga
7q51y1.info,dga
r1xmt5i.info,dga
n57fy87h1s.info,dga
zmzk41x755z.info,dga
ly4hqfw6uy.info,dga
366oixixo.info,dga
f798qy27f8.info,dga
7imkr7k3m6r.info,dga
212hnq2j.info,dga
io751vk.info,dga
ln1swfn3.info,dga
t2xritr2z.info,dga
ul1hs7uwy8.info,dga
tgtzx2g14.info,dga
98unuql9.info,dga
3omm5kmro.info,dga
us835ln7sy.info,dga
i232v5m.info,dga
68wy3nq8n8.info,dga
go2tkkxvkv2.info,dga
2sf91su1jy.info,dga
r3t1rov.info,dga
16q6uyqsjq.info,dga
2mkgm7om4kt.info,dga
yyjflyq7.info,dga
i64im9o.info,dga
uu8lf1.info,dga
mv118xm1gro.info,dga
lyjqnq.info,dga
k3r4t7itgmv.info,dga
nyw8nf.info,dga
kmmv72616.info,dga
7hnhnu12.info,dga
gk1vk3o4vgz.info,dga
hyj844395s.info,dga
2o9gkzi.info,dga
u5n996.info,dga
grgmg23.info,dga
lqs4uy.info,dga
t1xmmr3tt1i.info,dga
554421nnqu.info,dga
9xo1v2rxrx6.info,dga
yw12q2.info,dga
5gvimi7.info,dga
6h7fj9.info,dga
mmzgozx1kmv.info,dga
n3s3ww2l51.info,dga
koxxixgk2.info,dga
hyl5w3qun5.info,dga
o2xgz9m.info,dga
5613hfq1.info,dga
9g43k8omx.info,dga
sqluqs.info,dga
oi6it68iirr.info,dga
ufq47u.info,dga
gz15t9x.info,dga
lqu85wfu6s.info,dga
x7g1m2o59.info,dga
yq8fu1.info,dga
6577kv1rvr9.info,dga
8l5sl4.info,dga
mi3ig7g.info,dga
snn798ys.info,dga
6izxmv8tomx.info,dga
162hfjqj.info,dga
47m3mioxr.info,dga
jq7n9j5n.info,dga
t545zx6xm.info,dga
l2sjn1.info,dga
gt3vo8g.info,dga
854yfn.info,dga
g47ktoiiv5m.info,dga
wlujhfjjfs.info,dga
z8g6k2g.info,dga
sj9uh397.info,dga
kivo12tm3vx.info,dga
jw278h17jf.info,dga
vtvvkz7xo.info,dga
sqys42.info,dga
5tz6t8txr5t.info,dga
q9yljlwu.info,dga
gmo6mt2og.info,dga
unj1lus5.info,dga
t575kmzzio8.info,dga
84hn75jw.info,dga
vk5gz8z39mr.info,dga
wns78n.info,dga
v7ovotzrzm9.info,dga
h4suuyn9.info,dga
i2g2m2t.info,dga
h3j4ylh7.info,dga
8o8615v.info,dga
4wnqy662h1.info,dga
kr22zmr.info,dga
2nw12f1l.info,dga
ot2v2v3g5xm.info,dga
368629.info,dga
orio17kr8.info,dga
yyqwwn6j.info,dga
i45z57kvkxt.info,dga
njy5shu4nn.info,dga
vi5592ggi2o.info,dga
y3jsyh.info,dga
3z447ri.info,dga
29l4q6.info,dga
3xim29ookm4.info,dga
uf6sn5f1ns.info,dga
1t1rgm8.info,dga
w12ffy8n.info,dga
xtgr4mo9m66.info,dga
22qn2wl69n.info,dga
z9g7k74.info,dga
yqnw1s3jy6.info,dga
9ov3mz45k.info,dga
9w38sq.info,dga
9m8ivtm.info,dga
n1y342yyu8.info,dga
kimgtxrtvox.info,dga
fqyn1n1w.info,dga
34xi5z2.info,dga
ffqlfn64yn.info,dga
3tzivki.info,dga
uhns95.info,dga
rk9vt43ov.info,dga
fqus9jsu.info,dga
gzr6ovi4ixx.info,dga
u486ysfs.info,dga
okzzxvmgk1i.info,dga
9n2fnufluw.info,dga
vvm8m1r.info,dga
3ssh6h.info,dga
t3gg2kg.info,dga
wjfjjhlq8f.info,dga
io14kx621.info,dga
fwl8lnnh.info,dga
x58613rtt.info,dga
2f69wjq2.info,dga
ig1toogkxt9.info,dga
ljy98u.info,dga
t3mm9tg3ki5.info,dga
uuf8yq.info,dga
v4gi1g3vt.info,dga
2ln1nw47.info,dga
5vir66t9k.info,dga
sshhful6h7.info,dga
r67281k.info,dga
9hf13s.info,dga
v5i8zvt.info,dga
quq95w.info,dga
zvxktr3.info,dga
huhfqf.info,dga
k4m1zkz.info,dga
j5348348.info,dga
zz52xrri89g.info,dga
ullysy.info,dga
8k3g8vm.info,dga
9sqnshq82w.info,dga
zi25o72o8m9.info,dga
4138qqfqwl.info,dga
2498vo9ix.info,dga
nqwq56.info,dga
rgr7mz1mi.info,dga
y2jyj7.info,dga
rzoz85m.info,dga
4wsshl.info,dga
15ot39x.info,dga
qfuyq3.info,dga
t9mgmko.info,dga
yy8f7yq1.info,dga
m9xv8rg.info,dga
y9u6swuy.info,dga
krx3z5kv54t.info,dga
fql9yqlf.info,dga
mgrv1k3gv.info,dga
sy63w767.info,dga
7x38gix21tm.info,dga
qu5why.info,dga
mvitgi91v.info,dga
3luuyqf9.info,dga
o6ott797r.info,dga
15ww3lq44y.info,dga
7xvtgvm.info,dga
n449qu.info,dga
1zk8t4r.info,dga
y8yunw3l.info,dga
t53xxkrm4gm.info,dga
l275l3yh.info,dga
oto2zm3v4.info,dga
w2ulf5.info,dga
v8trx9m.info,dga
jfff9llf6w.info,dga
3ttkxm9gv.info,dga
yl1qn7.info,dga
gm58xi7iz1x.info,dga
n57913s9ju.info,dga
37t59xot2.info,dga
n32ywwll.info,dga
zk7xxom6xtz.info,dga
jj72yy.info,dga
18g7zmi.info,dga
fy2h96lwqy.info,dga
7izrg37i9.info,dga
3j5lfn9s.info,dga
7rvmrrv.info,dga
h71j8uusyj.info,dga
m9k1vvr.info,dga
q1qw6u.info,dga
6ozrg95.info,dga
swln6l.info,dga
618629rkio9.info,dga
nfuwll.info,dga
oti1i88oo81.info,dga
y3lw26.info,dga
3mxo2t3m3tk.info,dga
wwsj8lh2.info,dga
o653kxx.info,dga
j33jl3.info,dga
im25txzkm5k.info,dga
2wqulnq2ul.info,dga
mgokm33mim8.info,dga
nw5fw6hy7s.info,dga
x2k73xrrg.info,dga
w3fjs2.info,dga
24i3o83g9v1.info,dga
8qjuhj.info,dga
vzmrotkrg.info,dga
2ws85n6u.info,dga
z4t14to633z.info,dga
s8n2qqyy.info,dga
k3zzm5162r1.info,dga
n7w1wq.info,dga
kxroz3g.info,dga
fq586n2hjh.info,dga
iizkgo9oi.info,dga
sllfqn3uu9.info,dga
i8rt3k2vg.info,dga
9h22f7.info,dga
2mgvvkrxgok.info,dga
wh8nq6nfyl.info,dga
i1gxgg4.info,dga
whjfqw.info,dga
i4ix7k3.info,dga
ullqun.info,dga
8oiit5k4k.info,dga
41fy62u1.info,dga
tv3426g.info,dga
h3l6qjnwqf.info,dga
rri85xi.info,dga
fhqqus.info,dga
m5krki3.info,dga
w3s79h.info,dga
kvkx12x.info,dga
7155l27wf4.info,dga
rim1rxrz975.info,dga
y1hywj.info,dga
z17649tzzxv.info,dga
hqw23l.info,dga
or4mz4t48.info,dga
l2fulu22.info,dga
t32ioi4xv.info,dga
wywfhl6hw5.info,dga
6xm929k.info,dga
739hny.info,dga
mmzgto433.info,dga
n3q1hf.info,dga
rxgmm854k.info,dga
8hwy24y6.info,dga
352r4g4t9mi.info,dga
9l1h21.info,dga
iz8gv5k.info,dga
u4hfhh.info,dga
2tttxzxik.info,dga
sq627836wn.info,dga
ov7rvo895.info,dga
3hylnlq531.info,dga
k451iztz67m.info,dga
jq8f6l.info,dga
o5m7mvkkx.info,dga
49llq3ln.info,dga
rgi6ozzxg.info,dga
296s7u2j.info,dga
kgt8ggvkgk9.info,dga
qfhl1l.info,dga
ro1o15i.info,dga
79wy66fuy4.info,dga
ir3xkkv.info,dga
35ju7w.info,dga
oigi3k6.info,dga
s5l5lf.info,dga
x5tti65tk4g.info,dga
hf32789n.info,dga
gzm3zzoto.info,dga
qf14s7jw.info,dga
35212185v.info,dga
y7qquly8.info,dga
544zmzi.info,dga
yw92usq4.info,dga
7tzxigkkg.info,dga
95s79nws5s.info,dga
o94g6ig7g.info,dga
syh2qhuwsf.info,dga
x3r8349.info,dga
28s5u1fy.info,dga
o3xxvkrii.info,dga
s7jhjwnn.info,dga
i41vkrtmr.info,dga
nwh73wu66j.info,dga
zrmomovvx.info,dga
8lhyfu2y.info,dga
m9ittt5it.info,dga
w73u45.info,dga
32kozmi.info,dga
wjsqljsh.info,dga
irk4i13x4v2.info,dga
w5wqfss4.info,dga
r61t9r7.info,dga
nsw7yq96.info,dga
m63m9igvr.info,dga
f22jw2.info,dga
xg9417t.info,dga
usuhl94uy3.info,dga
9xoi5go.info,dga
82hnu2su.info,dga
zt9r7xm.info,dga
17y9h54l.info,dga
9k6663kt5zr.info,dga
h4f6n953.info,dga
64zr6mxkk9r.info,dga
9j94jfhu.info,dga
4zrrv7v5i.info,dga
u3fjyfqqwq.info,dga
t9mrm281z.info,dga
qnyn6l.info,dga
42rzk42.info,dga
w8hu7j76.info,dga
3vioxtvxz38.info,dga
jfu4ll.info,dga
1tvkzii7o.info,dga
jujw1uqn8f.info,dga
3t7zm83xgtz.info,dga
hus8ss.info,dga
zz36554.info,dga
lhly1ny1wy.info,dga
kxr4zi7mkkv.info,dga
f4yuqs637n.info,dga
k6tkz49.info,dga
njsh4jwsls.info,dga
t427ovv.info,dga
sh5n6f9l.info,dga
32i1vv3.info,dga
2hy9jhju.info,dga
31ziokovm5g.info,dga
sw999y.info,dga
7kv79m4g4gi.info,dga
n4hl4hy5nl.info,dga
x9rk959i57r.info,dga
sqn78nqlun.info,dga
7v2v1ii.info,dga
njnnl7f3h2.info,dga
373ggmtiiz7.info,dga
j42wj62hs4.info,dga
kviz3vi.info,dga
wlj5156yn7.info,dga
vg1rzigvv.info,dga
3fhlylu3.info,dga
tx52x4trtxr.info,dga
3j4fuw.info,dga
xo9r6ovxi.info,dga
hf6su95s.info,dga
3zt7x6kggx7.info,dga
w35331fu.info,dga
xmm4xtko6.info,dga
13j7hjulf7.info,dga
x2g9ogt.info,dga
y983swlqj1.info,dga
otz2ixv.info,dga
3yjf3ywh6q.info,dga
ik5xk2xiz.info,dga
fhuwjysj.info,dga
3kv1v8x.info,dga
ly3n75nh.info,dga
8o2rkzr3igi.info,dga
hfl1jl3s.info,dga
2miog6m1o.info,dga
7hfn23.info,dga
tzovzxgk6.info,dga
hh2fny6h.info,dga
gmt3mmxz8.info,dga
jsj89j.info,dga
95kxviv.info,dga
usqhwy85.info,dga
3gixki93v.info,dga
snf3fshs.info,dga
mkr8z4z1x.info,dga
yfsj9qqh.info,dga
4rt1i5o8t4t.info,dga
qyn414n1.info,dga
zmt7zrm.info,dga
f1hhylwh.info,dga
o77kg18.info,dga
5h8q8n3qlu.info,dga
xgz6or2.info,dga
jny7y6q5.info,dga
kottzxm66.info,dga
w6n33f3w.info,dga
xok31rg3k.info,dga
s6l45yj2.info,dga
x4ri568gt.info,dga
f2q962.info,dga
vri22m7tr.info,dga
h7wj7yf999.info,dga
itixkv6772g.info,dga
95ufqw1h.info,dga
54kvxvoix.info,dga
flql2l31.info,dga
v69vm35.info,dga
jnyh6q.info,dga
834zzt9mg.info,dga
2w3u7l.info,dga
k13ii5t5o.info,dga
1u7uuf4j.info,dga
i74iioo5ztt.info,dga
6ys2n4l5.info,dga
m58om659z.info,dga
fnn74h5n.info,dga
594xk47.info,dga
5822jn.info,dga
o7x5oggx69k.info,dga
jujfq68j4w.info,dga
m32gk5mv1ov.info,dga
84fyhf8y.info,dga
9g2g5g7izrr.info,dga
uqlfl8f3.info,dga
i98gkktxr.info,dga
qhjqf1.info,dga
zo3mmttz2zk.info,dga
sn3hhlyyq4.info,dga
416z2kzmx.info,dga
7wqs35.info,dga
kozvo7v9r.info,dga
s1s6ly.info,dga
rk2mgtg.info,dga
yusnyy.info,dga
1z3i9om.info,dga
88hsl9fq49.info,dga
vx7vr11x1to.info,dga
qhsw57nuhh.info,dga
mxm8tvg.info,dga
w1ws4w.info,dga
4k71mo2.info,dga
43qy5h.info,dga
oi3gm43mz.info,dga
46yws4.info,dga
kgixt3o.info,dga
hlff37.info,dga
797t862.info,dga
wuj3h2yq.info,dga
mozk8xm.info,dga
1j611hywfy.info,dga
1mk9m9r.info,dga
l64w79n9.info,dga
4mxikxrzi.info,dga
u32w6l.info,dga
37zxo75.info,dga
9uuhq1.info,dga
g8m76xz7m.info,dga
fyn3j9hl.info,dga
xov97x8.info,dga
4s1ls4.info,dga
1vtx219.info,dga
synsws.info,dga
g5v3timxgk7.info,dga
yq9whuf2.info,dga
vggr78rz215.info,dga
82hwh877ss.info,dga
gzo1rz1zz8v.info,dga
wq9jhsj1wn.info,dga
ovmkzt65moo.info,dga
6ju7nlwn.info,dga
1z67z81r6.info,dga
qshyww3s.info,dga
9k5tmggvxo9.info,dga
f54hyhy3.info,dga
zt5vgzvvi.info,dga
lwfu2l.info,dga
36rmx24.info,dga
5qfu8j.info,dga
33tgrvvir7m.info,dga
y8sfu7lf.info,dga
ooot8o6z4.info,dga
3ly1s6ffn9.info,dga
gtt3gk2.info,dga
njswwq2wjf.info,dga
vv1kz4i7v.info,dga
fhlqsq.info,dga
7ovo2okkmk9.info,dga
q83uj9.info,dga
194o13g.info,dga
6wjqhuwy.info,dga
166ivom4r7x.info,dga
nq8lh7nqql.info,dga
i594oirmo25.info,dga
9uj4fysfjf.info,dga
2xi4r44ri.info,dga
f49juwq7qn.info,dga
8ixg259mt.info,dga
hyfysjfn6f.info,dga
tt57tgr.info,dga
8q651q4s.info,dga
39itkm355i1.info,dga
7quhw5s8fu.info,dga
rrx4trvrm3m.info,dga
59uyqlw3.info,dga
79911omv5.info,dga
wfnljl.info,dga
zk45i4roo.info,dga
jj8sjj4f.info,dga
zv8kkgi8r6v.info,dga
ff4l8lw7.info,dga
grg27vk.info,dga
5u7q5u.info,dga
43vz6262o.info,dga
7ffuju.info,dga
vt3t5km.info,dga
464w4q.info,dga
z77v14255.info,dga
6hl515sf.info,dga
785r2tz4t27.info,dga
7nj7luhn7n.info,dga
9zvo73ivri2.info,dga
57sn4q.info,dga
z9gmggit9.info,dga
9883528qw8.info,dga
8t2mvzo75.info,dga
wq4l2n.info,dga
2t87vr5.info,dga
qwf779.info,dga
ikoxtk252.info,dga
sh9uw9sj.info,dga
k5x3x5g3t2v.info,dga
njqj2s.info,dga
iir34okov.info,dga
sq25yq.info,dga
o12ikvi5t79.info,dga
huly796w.info,dga
3txz47k54.info,dga
qh3nwlj6.info,dga
oo12o5m3337.info,dga
l5n4n6.info,dga
txrxv34oovz.info,dga
j3u95h46.info,dga
6mgzrkt.info,dga
jqwly5.info,dga
tziv9gtm8tt.info,dga
6q51shh9.info,dga
zoiitzt9tvi.info,dga
q8358uuh34.info,dga
x1t59mkxrii.info,dga
j71fsslwyu.info,dga
113rvoor2.info,dga
nyq424qs.info,dga
tvii8om6gmz.info,dga
42h9f2.info,dga
iztv5xm6v.info,dga
4fnjyyu1.info,dga
mv6xgrzir5g.info,dga
suyyyh7u.info,dga
tmg171gg2xm.info,dga
3f8yl65w.info,dga
714x2zm.info,dga
122jsny8nu.info,dga
r3grzkvmm.info,dga
jf8nqw.info,dga
zxt899ik733.info,dga
135llh.info,dga
k5vvo7ki8.info,dga
l9ufwhqy.info,dga
5mgx5zz49.info,dga
y36ylqff.info,dga
tgi7t96g4.info,dga
wuuysu5w.info,dga
txgi57i4kt5.info,dga
lhn3yl.info,dga
rzxog43.info,dga
6hwwqs.info,dga
i9x3rz2zxiz.info,dga
9lnsyul1.info,dga
grrr1gvri.info,dga
uj5n3wjws6.info,dga
gvgvikr.info,dga
jwf1suquuy.info,dga
6ovgtxo75.info,dga
u58jfy.info,dga
iim2v11ztr9.info,dga
y6w9n8.info,dga
4vkmkzvmvki.info,dga
jq1swuhhsj.info,dga
8okvozir8.info,dga
nqsqy9.info,dga
t1m8z978g.info,dga
n2yln6wy.info,dga
rgtk4tm.info,dga
uqyn98u2j3.info,dga
5xi3gg4xm.info,dga
ywylsyny6u.info,dga
t3rrgir.info,dga
qnwy6f.info,dga
o2xkrz4rxtt.info,dga
hhnf7l.info,dga
rti2z9839mz.info,dga
f85fu73j2s.info,dga
kii6916.info,dga
1jqllnh9.info,dga
1319mvr.info,dga
j2fsj269j1.info,dga
62g1ggxgv2r.info,dga
nwfy72jh.info,dga
kmzimkgkov3.info,dga
89fyuhfw.info,dga
otvgx4i.info,dga
yn8fll.info,dga
rrzv962krmi.info,dga
jqjlqj29fh.info,dga
i4o1mimk2mr.info,dga
2ss2q9q3.info,dga
imxom3m.info,dga
yhuqjjqsnl.info,dga
xvrtzg36k97.info,dga
w38yhh1w.info,dga
359xkig6r.info,dga
6n5q34.info,dga
2omkvt49z.info,dga
w9nhhwnj.info,dga
zgz8iom.info,dga
4u44ussj.info,dga
i1vzi5g.info,dga
9w7u4s598h.info,dga
mgz4rzmt299.info,dga
y33h9q.info,dga
rx4847i.info,dga
91f126qlff.info,dga
tmmr9zx.info,dga
8q1nfwn2.info,dga
k4k4vk5.info,dga
fy9lnwf4w3.info,dga
7gmmmg4tk.info,dga
wf567hsy13.info,dga
1ot636v7o.info,dga
4n8lhfu8su.info,dga
3goxrz6o4.info,dga
sf4y7n9h.info,dga
vk8kv616z.info,dga
3ffl1hhh4s.info,dga
1xivmx2gx.info,dga
yw2hnw.info,dga
rztvk1o8rxi.info,dga
ff7nn2.info,dga
v9m775otv84.info,dga
nj2j1j4s84.info,dga
3zo41x7.info,dga
w654l2u2ly.info,dga
m6z6t48x8.info,dga
s8f56l1yh7.info,dga
x2vv5v2g8.info,dga
fuql35.info,dga
vit8v37gr.info,dga
5hl4ssuh.info,dga
t2rtrrvx2.info,dga
95qn78fwf3.info,dga
3mkv37o939k.info,dga
1u17jh.info,dga
oi8o1t2.info,dga
hsjh3jl1ff.info,dga
742orkovm57.info,dga
wsj1qf.info,dga
8mm36v7k3.info,dga
fq6fnw.info,dga
5mx3t4kim.info,dga
889uwy.info,dga
37ivtrigr.info,dga
u2yy916nnl.info,dga
21zvxrv3k.info,dga
hynnfu.info,dga
m75k3ti.info,dga
29f481swy5.info,dga
k5r9xi5.info,dga
fw2wqq9f.info,dga
mx7ito32mzm.info,dga
9l6w1w.info,dga
xxx7m28.info,dga
h6qwssu8wj.info,dga
r1vx87t6k.info,dga
28qq664s.info,dga
mg28gxr6z.info,dga
fswf6683yn.info,dga
rm5269i83.info,dga
59nqqyuhyl.info,dga
tggxtrtt4.info,dga
y97hls.info,dga
v2zzkxggt.info,dga
jnulq93q5f.info,dga
7zgrvvk2ii8.info,dga
4hqhsq.info,dga
zz12kz612tk.info,dga
qufufu7hhu.info,dga
xkzo9om8k.info,dga
uyyh3l5w9y.info,dga
rtmvt3t.info,dga
592hyuh9.info,dga
ktkx8m4zr.info,dga
lnhj32.info,dga
rg6oto4r9.info,dga
u67fl6.info,dga
zo63r2g.info,dga
8qf348ls.info,dga
o8z7om2v41g.info,dga
w5fy35.info,dga
1tk1zvviii7.info,dga
lls1sfwy.info,dga
i9ziktt5vvm.info,dga
ff2u8n.info,dga
orz1tvgz1.info,dga
yffwhy71.info,dga
krtokzovx.info,dga
fnjq35un.info,dga
rxkt958xo.info,dga
qwuw56sn.info,dga
xg2mmx2m6.info,dga
67f5fl5u.info,dga
og4xv3r.info,dga
n9lyw71j.info,dga
rzxgkg5tt9z.info,dga
f7wjql.info,dga
r115mmv6r.info,dga
hw2q896nyu.info,dga
kz3t7v98m.info,dga
fq7hsf.info,dga
49v42m8.info,dga
7sw343wf.info,dga
oiv52zv169o.info,dga
6sfssw8w.info,dga
4v5mkmk39.info,dga
f3jfjnslsh.info,dga
i2ok9r2.info,dga
ju16ynj659.info,dga
gzimko13z.info,dga
sn9264.info,dga
mzv1m8m.info,dga
6l6sqq37.info,dga
z1v7xrv.info,dga
fl93l27h.info,dga
2giiim7.info,dga
7sy9hl67.info,dga
mto6mo9.info,dga
n7fqjn.info,dga
i6gv1o5.info,dga
1nuj7wny5f.info,dga
miogzkv.info,dga
1uqjljsy.info,dga
3gxkiiv.info,dga
u9qhjh7f8h.info,dga
gmrtviztg.info,dga
2u7j61jn98.info,dga
korxrr3g1.info,dga
jww4s2hlhn.info,dga
zz8vx9t.info,dga
ffj77whn.info,dga
3ormr5o.info,dga
h24fqw.info,dga
ox78izv.info,dga
nf11hhy1.info,dga
m41miikx7.info,dga
5986j8.info,dga
kz6v7mrirtk.info,dga
ns69w9nj.info,dga
mz29zz9.info,dga
9hu91jyw.info,dga
xg9288tixix.info,dga
6ysj9yh87w.info,dga
9xo7m32.info,dga
4j8qw4.info,dga
9zir672.info,dga
l5hu7u.info,dga
2zrzr32.info,dga
yq86u6lj.info,dga
9rv4mvg69xx.info,dga
u76j3nyw.info,dga
1o3ozritzmo.info,dga
99qyshw2.info,dga
2oz9k55xi.info,dga
hffjqj94.info,dga
1txmmxo.info,dga
hh8w9yuh82.info,dga
tivmztt.info,dga
qysh2u45.info,dga
x9ttr3ii337.info,dga
qjjlfw3s.info,dga
io1x37ktz.info,dga
h6lqlynw3u.info,dga
i1354zi.info,dga
u57y5hhs.info,dga
4m81k52.info,dga
wsw7471j82.info,dga
ii7rvzokioz.info,dga
3jqwnywnuw.info,dga
grzivvz.info,dga
uu74s4.info,dga
k9ix3v4gv.info,dga
q9h52q.info,dga
m3i1mxzm183.info,dga
l8h967.info,dga
xtg391z.info,dga
yqlhu8wy.info,dga
g5ix74xtixt.info,dga
f21w32un.info,dga
5tzxr4m3xgo.info,dga
s818qy.info,dga
x3miz7k1x.info,dga
1ysluy.info,dga
it3ovx6.info,dga
297nnyfqy4.info,dga
ot1z7imtx81.info,dga
n2yfss.info,dga
omiik5kt6.info,dga
hjy7sy.info,dga
kv3xm35gk6k.info,dga
y4swunyl.info,dga
7g3m5zm58.info,dga
juh24fy9uy.info,dga
47833g5oi6m.info,dga
hhssn8.info,dga
ri97krr.info,dga
8wj5swqq.info,dga
iv7xtmr91vk.info,dga
nfquuuu82u.info,dga
41tivk47tto.info,dga
4u4fsu.info,dga
mzt9ozi.info,dga
1sql62.info,dga
tgiv53t.info,dga
l2lqsuws.info,dga
moro6zok32z.info,dga
9suw8f1s.info,dga
zik1kx346o3.info,dga
s76qylq1l8.info,dga
x2z99zm.info,dga
69258f.info,dga
z6vv7vvv6.info,dga
13nu6yf5h9.info,dga
ti81tiovx.info,dga
yshfw9.info,dga
2mz2x5o3tti.info,dga
lyjfsu.info,dga
6gg5mrgz6.info,dga
lqhuwjqh35.info,dga
3ttvvz5.info,dga
syq1nllf.info,dga
7v76g24rt.info,dga
y5u358h5uw.info,dga
48xmi4x684g.info,dga
17lsh2.info,dga
ox1og98rm76.info,dga
jnnlfy19lw.info,dga
xzrozx89z.info,dga
qnqush4n.info,dga
o6823xzvv.info,dga
y2hf2l.info,dga
iiv66xv4g.info,dga
5syljswj.info,dga
rrz9rok9k.info,dga
ulsj6l.info,dga
g373km21v.info,dga
37jy3wyq.info,dga
ixxxox4.info,dga
q7qqy8jq5l.info,dga
t4zz71k.info,dga
l9hnfsuy.info,dga
xxvz5m1gorg.info,dga
qh423n.info,dga
995mg7x.info,dga
l9yj9uf9.info,dga
i91txri.info,dga
jq5ljfqw.info,dga
kzk122i.info,dga
f7slff4y64.info,dga
345xx8ri3.info,dga
4wwfjh1fnn.info,dga
4orv4kiv2mt.info,dga
7y5337.info,dga
1rg89gr.info,dga
jjwfyw.info,dga
m28gvvz.info,dga
2sqs5wff.info,dga
5oz8gxo34ki.info,dga
139qhs55nj.info,dga
o592xxx94.info,dga
5jsh71.info,dga
xmkkmzz.info,dga
nsly19.info,dga
r2g318zzv.info,dga
lf7fhh.info,dga
r6kk1mvzz25.info,dga
n4fu8u.info,dga
7xz2ir4.info,dga
ww88y5yl.info,dga
itotmzo.info,dga
sf4fj2.info,dga
5iritgm19zi.info,dga
wf1nhq.info,dga
mtg4i4v.info,dga
2ljllw1s.info,dga
795mztroi.info,dga
wj5f6un3.info,dga
51mt2xrgv.info,dga
8n9nl4lf.info,dga
ki2oxzz46.info,dga
1yjfy8snh4.info,dga
i36tkotmx.info,dga
jq8nwhu3.info,dga
zrxk8gm.info,dga
fj7n8h7s.info,dga
8t4kmx4ox6i.info,dga
7qjfh2.info,dga
gt5g3ii1i.info,dga
u4q78u6f.info,dga
g3892i3.info,dga
wnlqy51suj.info,dga
zox2r8m3m.info,dga
y3ny7nws.info,dga
toxtmmi.info,dga
3nwhfh.info,dga
xkkkgi7vvtg.info,dga
hqynfs7lwj.info,dga
3i1kxomzgv4.info,dga
8ywjlfqh.info,dga
5o1x7gtrr.info,dga
n9qwfs1j.info,dga
3xxoiixrz.info,dga
ys8n3nql.info,dga
x877z8zko.info,dga
8usqyufl.info,dga
gmt572z6vr4.info,dga
nsy7qn.info,dga
5kor8i2m6.info,dga
yy1h67n9.info,dga
txg1m5xoxmi.info,dga
nj595wnj.info,dga
2k2zm41rg.info,dga
nu6hufjs.info,dga
tottxmgix.info,dga
6lusjf.info,dga
k4t794ox2.info,dga
hql65qlyqy.info,dga
2ggt45zz3gk.info,dga
f919n5h5.info,dga
x2ri7vgix.info,dga
h55ll1.info,dga
ikv2ziko61t.info,dga
2u3wyy.info,dga
i6v1vo1xx78.info,dga
1yw5yh.info,dga
v1kz2xmxi9i.info,dga
n4n85w.info,dga
3i9g2i64kik.info,dga
w5nwyqqnl2.info,dga
k68z93ki3zx.info,dga
j3ln3sww59.info,dga
51rm27mt3.info,dga
221l5w.info,dga
2io966vmmrt.info,dga
yw7j8qlf.info,dga
6x49tvtgit8.info,dga
w5hfj9yh.info,dga
855mt8iz5.info,dga
f9yu9quf.info,dga
3r8r8xi.info,dga
2llufy.info,dga
o19g198.info,dga
51w26s11ws.info,dga
4kit2kt.info,dga
l1ww3q2uq9.info,dga
54i6v63rvo5.info,dga
ljwlww5yjw.info,dga
z9i48rvmtm7.info,dga
juuh11sl.info,dga
gg3miz347.info,dga
fysul8ul.info,dga
r85i49ikvgv.info,dga
lw5l6nl5sh.info,dga
7k9vmi2.info,dga
hs4f7fqq.info,dga
rggotzotii7.info,dga
31j8hj.info,dga
3rrt4mzo32m.info,dga
lq1yu1y6.info,dga
1tvxm5r5g6i.info,dga
jyh5l1.info,dga
rkvxxzr57.info,dga
s166usfq.info,dga
19o8o25z7.info,dga
9282hq83q1.info,dga
kk943ovz1.info,dga
4u8jny.info,dga
gzir4o6.info,dga
l532wu.info,dga
86rrxi5754m.info,dga
94ff2jql.info,dga
gr32v3i.info,dga
fy2f87fsff.info,dga
kgri752tz.info,dga
q4jq9n.info,dga
rztxr957orz.info,dga
1fjjnnwsuw.info,dga
i57mmi5.info,dga
44jwq5wn6y.info,dga
ov8ki68r8.info,dga
s95wqfhl.info,dga
tgom2gkz3z9.info,dga
h4yjw44jn3.info,dga
1573578krmv.info,dga
s1j2fhul.info,dga
ro4vkmrrx.info,dga
f66qu7u7lq.info,dga
t438zrgxm.info,dga
ul7wunhq45.info,dga
6oitr5t45.info,dga
wwnqj53jff.info,dga
i5ottx2mgxx.info,dga
45shnluu.info,dga
r9vtzkr.info,dga
hqh8jun3.info,dga
mg84zxttgr7.info,dga
nl9h8h1y.info,dga
gmvrv71it.info,dga
fuwlyj.info,dga
rvg2itrm2.info,dga
j8ylwf.info,dga
rzogmrm.info,dga
fn3854.info,dga
orov629.info,dga
3lf1yyhs.info,dga
r85o8og.info,dga
4hqssqjh.info,dga
1k92oi76rvo.info,dga
8yjfsf.info,dga
ot2gmrz38.info,dga
4ysjyu.info,dga
9gxmxtv.info,dga
jqy1qu6lnw.info,dga
itx54o7rxrx.info,dga
78fwy7.info,dga
t61ovgm.info,dga
17jqys.info,dga
1kim5mz.info,dga
55y394161j.info,dga
4m93oztg4.info,dga
53nnn1.info,dga
zr2ztk6xi.info,dga
uln7j4.info,dga
7v7zm4r7t.info,dga
1lh5353s.info,dga
z76it58zrkm.info,dga
ul78lufn.info,dga
xg9kvor9x.info,dga
sfu3nj.info,dga
2rtiiirizo9.info,dga
yfw69j9l.info,dga
gvk9z7mi8.info,dga
uyswu8.info,dga
k9xv9mm.info,dga
8jhs6yh914.info,dga
rtmko34.info,dga
uj9hf28q.info,dga
koo116r.info,dga
6q5sqj.info,dga
vvgmi8o.info,dga
h5sn6s.info,dga
4ztx8xrvx.info,dga
n88ns2.info,dga
1r2grm4.info,dga
wn4lfn.info,dga
vk6mgrvxt.info,dga
2u1hsj876q.info,dga
rm1mioi6x.info,dga
4sqjl6fy.info,dga
mkvog21.info,dga
69lhqs.info,dga
k3rg63tm772.info,dga
y9uh3fh6y6.info,dga
m63xtorrv.info,dga
8jqf7y6y.info,dga
3vgv1mz68.info,dga
us6n7hsh.info,dga
rxx3mvg.info,dga
8f37qq9y.info,dga
i6rgvik9rrx.info,dga
8sy737.info,dga
zxik4toi5.info,dga
fnqw8w.info,dga
iztvoz7.info,dga
qhnyhu.info,dga
igmm9iorgzt.info,dga
ulhj93.info,dga
7378ozi398m.info,dga
nhyf9ujl.info,dga
4x5g4ii3ztm.info,dga
w5hjyf.info,dga
izgzzoiotr1.info,dga
94866ywjhy.info,dga
7ztir3zii.info,dga
qlh2s7.info,dga
r3vi7x8.info,dga
qy6s7hj4.info,dga
kgz4gogm6i7.info,dga
uhll58.info,dga
vr1vkr95i.info,dga
qy5s6fwlsl.info,dga
9tx56xr5x.info,dga
s2lu1s.info,dga
8mtozmt76.info,dga
ny6qu7.info,dga
t69vz2z3i.info,dga
62s57y9565.info,dga
vo3vvok.info,dga
hqfh9qnl.info,dga
m4zxkxmok.info,dga
1326hn.info,dga
rrttkikkz.info,dga
hnqf7n.info,dga
mzx5kio1k.info,dga
hwfnjnjs.info,dga
m875kg4x12o.info,dga
fqsjwwnnjn.info,dga
3o6m3im.info,dga
nwsq79fj.info,dga
tt5168t15.info,dga
8hsu2n.info,dga
ikxvmrkxo.info,dga
5f4nyj8f17.info,dga
krz45gvrvz4.info,dga
n35w3uu6.info,dga
56x835mox.info,dga
f39njy4w9q.info,dga
9rv4t6vzzik.info,dga
nj1l48fh.info,dga
29749mv68gv.info,dga
s6h969jl.info,dga
2kgkzx5.info,dga
uy11f9.info,dga
81m7kxi.info,dga
53qnf4wf.info,dga
tir4gi289.info,dga
5usul838.info,dga
1r3gi2mtg2k.info,dga
2wunhu.info,dga
rxmgigizo.info,dga
99lf3jnj4f.info,dga
x84grzm.info,dga
n7nw68.info,dga
7v3o6v7.info,dga
uu6s86.info,dga
1z87kom8m.info,dga
7h3wly.info,dga
gm6zi12mg4k.info,dga
usqf9n.info,dga
zrio363zvgm.info,dga
ln4yfw1jfh.info,dga
85m2zmzx8rr.info,dga
wnh37q.info,dga
o3ggormg3.info,dga
wnj55s7qnn.info,dga
892zg7vo7.info,dga
h6yj9nsw.info,dga
9m4mror.info,dga
nfsq1f.info,dga
iztrz6k.info,dga
9jnjhq.info,dga
4tz6ixo.info,dga
uyy38sjl.info,dga
5rz6kv6.info,dga
hw8unyf77s.info,dga
gkkrt1g6812.info,dga
96qjnjsj.info,dga
v15651kvv.info,dga
q5j7lj5l2f.info,dga
g32m328z7.info,dga
977hyn64.info,dga
vvzx44i1gz1.info,dga
6ns67yyq.info,dga
z875mkk.info,dga
wlh6s7w9.info,dga
vr3gz4z2got.info,dga
2f7154w2.info,dga
x89vr1oxz.info,dga
u9y9fssjqu.info,dga
z2mkt1tm6r5.info,dga
936q2ul4.info,dga
zigrrv4v2.info,dga
4nlwsq81.info,dga
k2ti56r54v7.info,dga
f1nnjyuhnh.info,dga
tm726ro.info,dga
h91j2fu9.info,dga
78vz2v9.info,dga
sn5yuj.info,dga
kmgvkoz83.info,dga
4wssyuwl67.info,dga
tvm34r7kokv.info,dga
wuwunq.info,dga
82otmtiiz.info,dga
5n3unw.info,dga
568vro3.info,dga
l2nf6h3s.info,dga
xmm49mmig.info,dga
9jjjh347.info,dga
trorko2r86m.info,dga
w9uwlj.info,dga
o7voi2k.info,dga
ujufj319.info,dga
vxo9izi.info,dga
15jnqq.info,dga
4xoog96t6.info,dga
ujuusu.info,dga
9rkti4v.info,dga
j1qh9quy5q.info,dga
26r71g8m582.info,dga
q9ujqfu86f.info,dga
9gggt96vx.info,dga
sqn4lj.info,dga
tk3om2v.info,dga
fh1wfl.info,dga
2orkrkvgivi.info,dga
fhnysfn36w.info,dga
gim8t7ok51v.info,dga
692q93.info,dga
ogzxgk2.info,dga
u3lh1f.info,dga
96gio2imm.info,dga
8qflsu.info,dga
zg1tk66gikr.info,dga
j12l6ullw2.info,dga
i6tx23vo8kg.info,dga
sfwqn8.info,dga
19vk1mzt7xr.info,dga
q2nysh22sn.info,dga
m2tiorg.info,dga
9hs8nh5s.info,dga
io6m4k2.info,dga
wuuu69.info,dga
xv7611orkt4.info,dga
sqwqhluwny.info,dga
mt7ovrv2kzx.info,dga
742n4yus.info,dga
4zkt219vz.info,dga
q9flnu.info,dga
rkr2zzm8xmm.info,dga
ysshfuyu53.info,dga
kit77m72rg2.info,dga
l7sl566ll5.info,dga
t8gz7rzv6oi.info,dga
241lw3.info,dga
2r1oz86v6v7.info,dga
9q33jjn5fl.info,dga
rxkmtoz.info,dga
h5swquwq.info,dga
9k42kmrt7k7.info,dga
y67uj6nh2w.info,dga
m1zv6v68r.info,dga
hluuyy7nsy.info,dga
ktg44m3.info,dga
9j8ysw.info,dga
xvi89gi4tmm.info,dga
lls7f9hw7q.info,dga
gzm9iotr7.info,dga
7sff4lf17u.info,dga
xtk7otivzio.info,dga
q1fn126ny2.info,dga
ko44xmo8ot5.info,dga
qjf9swuf27.info,dga
1xgzz8i31om.info,dga
s6y22jfjjh.info,dga
i11x4orzm.info,dga
n5sl1qnq.info,dga
r1mkxgimr.info,dga
8ls3h5.info,dga
5or5vz4ii25.info,dga
fyq21wn8yy.info,dga
og22tx56tir.info,dga
ff1qssf7.info,dga
zm4tg7io3ix.info,dga
flhhfwsjqj.info,dga
ikxtg28gi3x.info,dga
yy588hqq.info,dga
x14ootix2.info,dga
15lj647jhw.info,dga
o5rtmxi.info,dga
3wq98f.info,dga
736r1g45got.info,dga
n2u5l6qjfl.info,dga
v8k7rxxtox7.info,dga
4nyyfl62qj.info,dga
xitzkvv.info,dga
64l8js7ynh.info,dga
3zox66xv58i.info,dga
usqq3h.info,dga
ok3368mkg.info,dga
9sjus67w.info,dga
5izmtm554m1.info,dga
9jnsqj.info,dga
o7ir7mgvgm4.info,dga
n695uwn958.info,dga
g11omtgxgmz.info,dga
75wsw5nu.info,dga
3iv6ovgtg.info,dga
n58hhnj9.info,dga
gviz2roz611.info,dga
fh5uwlj2h9.info,dga
gri2ovg34zk.info,dga
n1jslq59.info,dga
9vok5orvo.info,dga
7hnn8n7h.info,dga
7rg1g49.info,dga
2hw2fy7n.info,dga
2352vtk26.info,dga
n9jyqy.info,dga
r68i2i3xm8m.info,dga
974h78hwj4.info,dga
i53kzxoio.info,dga
6qh2l4.info,dga
vkzimzott.info,dga
fln7sh53ns.info,dga
3omkr2vzv.info,dga
hhusnnh2.info,dga
gx6tmt2v7vi.info,dga
9sl3fn.info,dga
5v1r9og.info,dga
sw1n366q.info,dga
i418km9gvx4.info,dga
fu2ss4.info,dga
xm3zz8kv6.info,dga
6yl9ufwl7j.info,dga
tr7o4mxit4m.info,dga
q249wysqun.info,dga
mvzgg3i.info,dga
79lq4nq9hf.info,dga
m1rrrvi2g.info,dga
98nu4h.info,dga
rti3xkt.info,dga
9fywhs.info,dga
g8v475x.info,dga
j55ss5fs.info,dga
ootgm3o.info,dga
3qq563qw.info,dga
9mtx929gmo5.info,dga
5j28ffh6.info,dga
mt5mkox89it.info,dga
f4yn6jjf.info,dga
rkgii6xrz.info,dga
7wj7wyj6lq.info,dga
6438tgi3r.info,dga
f6qjus.info,dga
i26vrg8579r.info,dga
2qhq312jn5.info,dga
ztiz27rm2g3.info,dga
uu56ffns.info,dga
2t5zxxg64.info,dga
s2nwhj.info,dga
2g91tigxi.info,dga
74uwqj.info,dga
9kg3vtz.info,dga
36h8yhwjl6.info,dga
53i2i3t75.info,dga
58slnhq857.info,dga
zmxv9ii.info,dga
hjsqws.info,dga
87t9o29o7.info,dga
1nqj6q.info,dga
5mkgv2tog.info,dga
s31yl6.info,dga
v4vxit4gk.info,dga
qs3w1s.info,dga
ztrx5xk1m.info,dga
qjhlu2h9.info,dga
m7tmmim.info,dga
yqlw5sh5.info,dga
vzz1g4i7mv8.info,dga
2hslln.info,dga
2ox7gtzgmk5.info,dga
9qnn92l7hq.info,dga
2i8imxvzo.info,dga
8w1snffw85.info,dga
x2zkomovr.info,dga
w213u4hw.info,dga
oot9kzx.info,dga
7f1wq293.info,dga
i47r7iz.info,dga
sns7s1sj.info,dga
vvo45x7.info,dga
l7fylwns.info,dga
vk694o2.info,dga
ww1yny.info,dga
98v8882.info,dga
sjs3hll977.info,dga
v5t789g.info,dga
nfjsh4.info,dga
7oxki8g.info,dga
hlnnjl8h.info,dga
179oro81r.info,dga
yl1uyf.info,dga
ii73z2xomm8.info,dga
992lf6.info,dga
x367k25z6gx.info,dga
1nfwjw.info,dga
oizi2rvti.info,dga
5ln3yh2jyw.info,dga
irgikrrrk.info,dga
y5wuw3.info,dga
v8totimx232.info,dga
6s54f9unw2.info,dga
o99zvxk.info,dga
ffw25hwn.info,dga
9ozi44m.info,dga
ufjf93.info,dga
5t2rm41k4mz.info,dga
5h5yhlwqhs.info,dga
7i6rk3mgx.info,dga
4w7fsl.info,dga
zvz1tv23g6k.info,dga
n155hwhus9.info,dga
xvgimzg.info,dga
sujy785n9q.info,dga
rz3z96viot7.info,dga
s1357u2h.info,dga
mrxr868gort.info,dga
hh21s1q32j.info,dga
ok9mgvi.info,dga
f11fjq52l6.info,dga
zm82ti1.info,dga
n9hf8s.info,dga
x7vmk1i2omo.info,dga
fujqh2sn.info,dga
t21zig8.info,dga
slsjflwj.info,dga
r93tm5io8gr.info,dga
fu8q4576ns.info,dga
56ivmtrio95.info,dga
u54q2sy34l.info,dga
4ogvt22vk8x.info,dga
qjyjwlnh.info,dga
v9g9iv53g.info,dga
3ujfsyyy2w.info,dga
9xogg4riv.info,dga
w9nn1897.info,dga
81vzmkv.info,dga
7j6w8l4u.info,dga
g9xvkmk6g.info,dga
28wq7wqy.info,dga
kzxxkvo.info,dga
4l2qj4u3.info,dga
8x263oi6vtz.info,dga
y9hnw5yw.info,dga
xktivx1vm.info,dga
hj2u6qu3qu.info,dga
2vm18rr.info,dga
w4u21u.info,dga
6rit2mo.info,dga
yf6hnjyf.info,dga
v8zg5rrvg.info,dga
y53w43uf.info,dga
irikxv9got8.info,dga
5q5whn.info,dga
tg21r4o.info,dga
7l5fnjw6.info,dga
xig923g1g.info,dga
87f23hyu.info,dga
kk61ozzi39o.info,dga
66uy1fyl.info,dga
434tvkx.info,dga
qfyqq69uhw.info,dga
v5im6428kko.info,dga
fh111l6fqn.info,dga
61trvot.info,dga
shf1lfslyu.info,dga
ivxmt5i.info,dga
qnfh9h55su.info,dga
ok4rikvgo.info,dga
3h8yullw46.info,dga
t8g315otm.info,dga
sfufh18q.info,dga
62iztii.info,dga
q2jw95lf.info,dga
1vrogorkrio.info,dga
n7qus61s.info,dga
5x8xrz2.info,dga
4nnnl48f.info,dga
gg71m27zvvm.info,dga
n743ws.info,dga
zomg2xr7o67.info,dga
1suffuffu9.info,dga
g5zxr9o.info,dga
fy5u3397.info,dga
zxgzt5tv664.info,dga
wwsh72.info,dga
98o5618o1xi.info,dga
1w6su4.info,dga
vvv9i86.info,dga
yu645wfs.info,dga
4xvoov2mzv6.info,dga
7u9ff3.info,dga
1ooxm8r9i.info,dga
ysy1lf.info,dga
oivr5z641.info,dga
fquhw8q47l.info,dga
2z8tktgvo.info,dga
su429u.info,dga
irkvi6g.info,dga
q82hf5.info,dga
8t7oo5k.info,dga
1ffn2yjs.info,dga
5vg4o38mzzi.info,dga
jhhhl8.info,dga
v3momom.info,dga
njh2jwn5.info,dga
k4vrom2.info,dga
hs31jwuwwj.info,dga
ti4296m.info,dga
5s5jq8.info,dga
mkix4o2gir1.info,dga
w5ljnuhqwu.info,dga
x8t2kzgzxoi.info,dga
lqnhjw.info,dga
543ikx3rvo4.info,dga
wws543nf.info,dga
z48zigv.info,dga
wun96u61.info,dga
g6tizor.info,dga
u75f9w.info,dga
iiiki89.info,dga
w72hfq3j.info,dga
m8k9xktio.info,dga
4y5jwuns.info,dga
xtvrg56iz.info,dga
j2q24l4j.info,dga
74i9kzirz.info,dga
j3q7f2.info,dga
vmxzz26.info,dga
y8whwy93.info,dga
5t6zz4tzg.info,dga
24suylfhws.info,dga
t6vkt7r1v9r.info,dga
2qq2nju9.info,dga
om7okiz.info,dga
fwwqfj.info,dga
or2ikt99m.info,dga
w5jl8f.info,dga
9k66mor.info,dga
4h4yqhy6qn.info,dga
rxg7io3zxm8.info,dga
nl2sjwjy6w.info,dga
irkkvmz.info,dga
fj9lj22f.info,dga
96r6imm9g.info,dga
l4f6lf9l.info,dga
2irozgt9i1r.info,dga
wuh828.info,dga
5g9tgxg.info,dga
3ln755s5.info,dga
rkz3m925k.info,dga
w2n9u85u2y.info,dga
mg6zrrm.info,dga
6wu2f7.info,dga
982mt36rrm9.info,dga
qsj7s8fq.info,dga
g6t3ixmtr.info,dga
wh6w6w8u.info,dga
mgz343r.info,dga
j33f6qqw.info,dga
5goxmimxv.info,dga
